"Date","Price","Open","High","Low","Change %"
"Mar 31, 2022","6.699","6.705","6.745","6.699","0.12%"
"Mar 30, 2022","6.691","6.828","6.828","6.691","-0.65%"
"Mar 29, 2022","6.735","6.773","6.773","6.735","-0.24%"
"Mar 28, 2022","6.751","6.755","6.792","6.746","0.37%"
"Mar 25, 2022","6.726","6.726","6.737","6.717","-0.01%"
"Mar 24, 2022","6.727","6.811","6.811","6.727","-0.01%"
"Mar 23, 2022","6.728","6.793","6.793","6.728","-0.19%"
"Mar 22, 2022","6.741","6.820","6.820","6.738","0.57%"
"Mar 21, 2022","6.703","6.751","6.751","6.703","0.15%"
"Mar 17, 2022","6.693","6.738","6.738","6.693","-0.43%"
"Mar 16, 2022","6.722","6.775","6.775","6.722","-0.04%"
"Mar 15, 2022","6.725","6.794","6.794","6.725","-0.43%"
"Mar 14, 2022","6.754","6.812","6.812","6.750","-0.19%"
"Mar 11, 2022","6.767","6.794","6.794","6.736","0.67%"
"Mar 10, 2022","6.722","6.749","6.749","6.713","-0.66%"
"Mar 09, 2022","6.767","6.804","6.831","6.764","-0.28%"
"Mar 08, 2022","6.786","6.831","6.831","6.786","0.00%"
"Mar 07, 2022","6.786","6.795","6.795","6.768","1.19%"
"Mar 04, 2022","6.706","6.750","6.750","6.706","0.01%"
"Mar 03, 2022","6.705","6.741","6.741","6.705","0.34%"
"Mar 02, 2022","6.682","6.678","6.787","6.669","0.88%"
"Feb 28, 2022","6.624","6.633","6.633","6.624","0.12%"
"Feb 25, 2022","6.616","6.706","6.706","6.616","-0.42%"
"Feb 24, 2022","6.644","6.644","6.707","6.644","0.41%"
"Feb 23, 2022","6.617","6.653","6.671","6.617","-0.76%"
"Feb 22, 2022","6.668","6.627","6.668","6.609","0.89%"
"Feb 21, 2022","6.609","6.600","6.609","6.595","0.69%"
"Feb 18, 2022","6.564","6.609","6.609","6.564","-0.08%"
"Feb 17, 2022","6.569","6.574","6.592","6.569","-0.08%"
"Feb 16, 2022","6.574","6.548","6.592","6.548","0.37%"
"Feb 15, 2022","6.550","6.575","6.592","6.550","0.44%"
"Feb 14, 2022","6.521","6.575","6.584","6.521","-0.55%"
"Feb 11, 2022","6.557","6.682","6.709","6.557","-0.58%"
"Feb 10, 2022","6.595","6.719","6.719","6.585","-1.45%"
"Feb 09, 2022","6.692","6.719","6.719","6.687","-0.27%"
"Feb 08, 2022","6.710","6.737","6.800","6.696","-0.81%"
"Feb 04, 2022","6.765","6.828","6.855","6.765","-0.13%"
"Feb 03, 2022","6.774","6.801","6.801","6.771","-0.13%"
"Feb 02, 2022","6.783","6.801","6.801","6.782","0.79%"
"Feb 01, 2022","6.730","6.717","6.793","6.717","2.64%"
"Jan 31, 2022","6.557","6.623","6.623","6.557","-1.13%"
"Jan 28, 2022","6.632","6.632","6.632","6.612","0.00%"
"Jan 27, 2022","6.632","6.641","6.641","6.606","1.48%"
"Jan 25, 2022","6.535","6.544","6.548","6.534","-0.14%"
"Jan 24, 2022","6.544","6.534","6.544","6.534","0.40%"
"Jan 21, 2022","6.518","6.518","6.536","6.518","-0.08%"
"Jan 20, 2022","6.523","6.537","6.537","6.523","-0.03%"
"Jan 19, 2022","6.525","6.581","6.581","6.525","-0.18%"
"Jan 18, 2022","6.537","6.608","6.608","6.537","0.08%"
"Jan 17, 2022","6.532","6.591","6.591","6.532","0.48%"
"Jan 14, 2022","6.501","6.503","6.520","6.494","0.05%"
"Jan 13, 2022","6.498","6.528","6.530","6.497","-0.46%"
"Jan 12, 2022","6.528","6.530","6.539","6.519","0.09%"
"Jan 11, 2022","6.522","6.539","6.539","6.513","0.00%"
"Jan 10, 2022","6.522","6.522","6.557","6.522","0.60%"
"Jan 07, 2022","6.483","6.539","6.539","6.469","0.20%"
"Jan 06, 2022","6.470","6.487","6.536","6.470","0.40%"
"Jan 05, 2022","6.444","6.481","6.481","6.444","-0.14%"
"Jan 04, 2022","6.453","6.567","6.567","6.444","0.59%"
"Jan 03, 2022","6.415","6.470","6.470","6.415","0.08%"
"Dec 31, 2021","6.410","6.436","6.436","6.410","-0.17%"
"Dec 30, 2021","6.421","6.433","6.433","6.419","0.25%"
"Dec 29, 2021","6.405","6.419","6.419","6.402","-0.11%"
"Dec 28, 2021","6.412","6.428","6.428","6.410","0.38%"
"Dec 27, 2021","6.388","6.367","6.411","6.367","0.27%"
"Dec 24, 2021","6.371","6.454","6.454","6.371","0.05%"
"Dec 23, 2021","6.368","6.385","6.403","6.368","0.05%"
"Dec 22, 2021","6.365","6.394","6.394","6.361","0.02%"
"Dec 21, 2021","6.364","6.364","6.438","6.364","0.87%"
"Dec 20, 2021","6.309","6.326","6.334","6.307","0.41%"
"Dec 17, 2021","6.283","6.292","6.292","6.280","0.43%"
"Dec 16, 2021","6.256","6.267","6.267","6.256","0.21%"
"Dec 15, 2021","6.243","6.250","6.258","6.243","0.11%"
"Dec 14, 2021","6.236","6.269","6.269","6.236","-0.26%"
"Dec 13, 2021","6.252","6.267","6.267","6.252","0.00%"
"Dec 10, 2021","6.252","6.285","6.285","6.251","0.22%"
"Dec 09, 2021","6.238","6.263","6.268","6.238","-0.16%"
"Dec 08, 2021","6.248","6.277","6.277","6.248","-0.67%"
"Dec 07, 2021","6.290","6.286","6.295","6.281","0.53%"
"Dec 06, 2021","6.257","6.269","6.278","6.257","0.06%"
"Dec 03, 2021","6.253","6.261","6.261","6.253","0.16%"
"Dec 02, 2021","6.243","6.287","6.287","6.243","-0.18%"
"Dec 01, 2021","6.254","6.288","6.300","6.254","0.27%"
"Nov 30, 2021","6.237","6.271","6.271","6.218","-0.08%"
"Nov 29, 2021","6.242","6.246","6.246","6.241","0.06%"
"Nov 26, 2021","6.238","6.246","6.272","6.238","-0.54%"
"Nov 25, 2021","6.272","6.281","6.281","6.272","-0.29%"
"Nov 24, 2021","6.290","6.286","6.290","6.276","0.42%"
"Nov 23, 2021","6.264","6.298","6.320","6.264","0.26%"
"Nov 22, 2021","6.248","6.248","6.324","6.231","0.11%"
"Nov 18, 2021","6.241","6.245","6.265","6.239","-0.29%"
"Nov 17, 2021","6.259","6.283","6.283","6.259","-0.18%"
"Nov 16, 2021","6.270","6.292","6.292","6.266","0.24%"
"Nov 15, 2021","6.255","6.275","6.275","6.253","-0.38%"
"Nov 12, 2021","6.279","6.284","6.292","6.272","-0.02%"
"Nov 11, 2021","6.280","6.327","6.327","6.280","0.32%"
"Nov 10, 2021","6.260","6.276","6.276","6.260","0.42%"
"Nov 09, 2021","6.234","6.277","6.277","6.234","-0.29%"
"Nov 08, 2021","6.252","6.294","6.294","6.252","-0.93%"
"Nov 03, 2021","6.311","6.320","6.328","6.299","-0.28%"
"Nov 02, 2021","6.329","6.380","6.380","6.313","-0.02%"
"Nov 01, 2021","6.330","6.338","6.347","6.321","-0.80%"
"Oct 29, 2021","6.381","6.296","6.381","6.296","1.40%"
"Oct 28, 2021","6.293","6.297","6.300","6.261","0.48%"
"Oct 27, 2021","6.263","6.293","6.314","6.263","-0.49%"
"Oct 26, 2021","6.294","6.331","6.331","6.289","0.08%"
"Oct 25, 2021","6.289","6.331","6.331","6.284","-0.08%"
"Oct 22, 2021","6.294","6.298","6.306","6.281","0.25%"
"Oct 21, 2021","6.278","6.315","6.315","6.278","-0.60%"
"Oct 20, 2021","6.316","6.358","6.383","6.316","-0.27%"
"Oct 18, 2021","6.333","6.333","6.384","6.316","1.07%"
"Oct 14, 2021","6.266","6.291","6.291","6.264","-0.08%"
"Oct 13, 2021","6.271","6.318","6.318","6.271","-0.63%"
"Oct 12, 2021","6.311","6.318","6.335","6.311","-0.11%"
"Oct 11, 2021","6.318","6.386","6.386","6.310","0.53%"
"Oct 08, 2021","6.285","6.277","6.319","6.260","0.42%"
"Oct 07, 2021","6.259","6.269","6.269","6.252","-0.03%"
"Oct 06, 2021","6.261","6.269","6.274","6.258","0.29%"
"Oct 05, 2021","6.243","6.278","6.278","6.243","0.24%"
"Oct 04, 2021","6.228","6.261","6.261","6.228","-0.11%"
"Oct 01, 2021","6.235","6.253","6.253","6.212","0.76%"
"Sep 30, 2021","6.188","6.221","6.238","6.188","-0.05%"
"Sep 29, 2021","6.191","6.205","6.205","6.188","-0.10%"
"Sep 28, 2021","6.197","6.205","6.205","6.180","0.11%"
"Sep 27, 2021","6.190","6.222","6.222","6.180","0.15%"
"Sep 24, 2021","6.181","6.181","6.197","6.164","1.05%"
"Sep 23, 2021","6.117","6.173","6.173","6.117","-0.39%"
"Sep 22, 2021","6.141","6.180","6.180","6.134","0.11%"
"Sep 21, 2021","6.134","6.182","6.182","6.133","0.02%"
"Sep 20, 2021","6.133","6.199","6.199","6.133","-0.68%"
"Sep 17, 2021","6.175","6.224","6.224","6.175","-0.02%"
"Sep 16, 2021","6.176","6.225","6.225","6.176","-0.27%"
"Sep 15, 2021","6.193","6.226","6.226","6.193","-0.53%"
"Sep 14, 2021","6.226","6.218","6.259","6.218","0.13%"
"Sep 13, 2021","6.218","6.210","6.226","6.201","0.26%"
"Sep 09, 2021","6.202","6.207","6.207","6.194","-0.14%"
"Sep 08, 2021","6.211","6.228","6.236","6.198","-0.27%"
"Sep 07, 2021","6.228","6.220","6.228","6.200","0.58%"
"Sep 06, 2021","6.192","6.228","6.228","6.170","-0.06%"
"Sep 03, 2021","6.196","6.229","6.229","6.196","-0.27%"
"Sep 02, 2021","6.213","6.235","6.255","6.210","-0.27%"
"Sep 01, 2021","6.230","6.247","6.247","6.230","-0.27%"
"Aug 31, 2021","6.247","6.255","6.255","6.245","0.05%"
"Aug 30, 2021","6.244","6.260","6.260","6.241","-0.32%"
"Aug 27, 2021","6.264","6.289","6.289","6.264","-0.41%"
"Aug 26, 2021","6.290","6.306","6.306","6.287","-0.08%"
"Aug 25, 2021","6.295","6.331","6.331","6.293","-0.16%"
"Aug 24, 2021","6.305","6.315","6.332","6.305","-0.14%"
"Aug 23, 2021","6.314","6.334","6.398","6.307","-0.03%"
"Aug 20, 2021","6.316","6.316","6.324","6.309","-0.16%"
"Aug 18, 2021","6.326","6.400","6.400","6.325","-0.52%"
"Aug 17, 2021","6.359","6.400","6.400","6.355","-0.27%"
"Aug 13, 2021","6.376","6.434","6.434","6.376","-0.27%"
"Aug 12, 2021","6.393","6.410","6.410","6.393","-0.22%"
"Aug 11, 2021","6.407","6.407","6.410","6.400","0.08%"
"Aug 10, 2021","6.402","6.435","6.435","6.400","0.13%"
"Aug 09, 2021","6.394","6.452","6.452","6.394","-0.53%"
"Aug 06, 2021","6.428","6.428","6.444","6.428","-0.42%"
"Aug 05, 2021","6.455","6.400","6.455","6.387","1.00%"
"Aug 04, 2021","6.391","6.404","6.404","6.391","-0.16%"
"Aug 03, 2021","6.401","6.412","6.421","6.396","0.00%"
"Aug 02, 2021","6.401","6.413","6.421","6.401","0.55%"
"Jul 30, 2021","6.366","6.393","6.393","6.366","-0.31%"
"Jul 29, 2021","6.386","6.403","6.403","6.386","0.39%"
"Jul 28, 2021","6.361","6.361","6.404","6.349","0.13%"
"Jul 27, 2021","6.353","6.404","6.404","6.353","0.03%"
"Jul 26, 2021","6.351","6.346","6.363","6.346","0.16%"
"Jul 23, 2021","6.341","6.406","6.406","6.341","-0.03%"
"Jul 22, 2021","6.343","6.357","6.357","6.343","0.57%"
"Jul 20, 2021","6.307","6.341","6.341","6.307","-0.43%"
"Jul 19, 2021","6.334","6.418","6.418","6.334","-0.41%"
"Jul 16, 2021","6.360","6.360","6.360","6.360","-0.03%"
"Jul 15, 2021","6.362","6.430","6.430","6.362","0.13%"
"Jul 14, 2021","6.354","6.405","6.405","6.354","-0.14%"
"Jul 13, 2021","6.363","6.397","6.397","6.363","-0.55%"
"Jul 12, 2021","6.398","6.423","6.423","6.398","0.00%"
"Jul 09, 2021","6.398","6.500","6.500","6.381","0.36%"
"Jul 08, 2021","6.375","6.409","6.414","6.375","-0.36%"
"Jul 07, 2021","6.398","6.398","6.398","6.398","-0.51%"
"Jul 06, 2021","6.431","6.521","6.521","6.431","0.82%"
"Jul 05, 2021","6.379","6.453","6.504","6.379","0.14%"
"Jul 02, 2021","6.370","6.370","6.370","6.370","0.31%"
"Jul 01, 2021","6.350","6.380","6.380","6.350","1.36%"
"Jun 30, 2021","6.265","6.298","6.333","6.265","-0.13%"
"Jun 29, 2021","6.273","6.317","6.317","6.267","-0.55%"
"Jun 28, 2021","6.308","6.354","6.354","6.290","0.56%"
"Jun 25, 2021","6.273","6.281","6.299","6.273","0.22%"
"Jun 24, 2021","6.259","6.261","6.280","6.256","-0.13%"
"Jun 23, 2021","6.267","6.263","6.319","6.252","0.26%"
"Jun 22, 2021","6.251","6.291","6.291","6.251","0.06%"
"Jun 21, 2021","6.247","6.264","6.264","6.218","0.47%"
"Jun 18, 2021","6.218","6.273","6.273","6.218","-0.46%"
"Jun 17, 2021","6.247","6.301","6.301","6.238","0.29%"
"Jun 16, 2021","6.229","6.229","6.247","6.207","0.89%"
"Jun 15, 2021","6.174","6.229","6.229","6.138","1.48%"
"Jun 14, 2021","6.084","6.102","6.120","6.084","0.15%"
"Jun 11, 2021","6.075","6.111","6.111","6.075","-0.52%"
"Jun 10, 2021","6.107","6.130","6.130","6.107","-0.18%"
"Jun 09, 2021","6.118","6.122","6.149","6.114","0.08%"
"Jun 08, 2021","6.113","6.162","6.162","6.113","-0.68%"
"Jun 07, 2021","6.155","6.206","6.206","6.155","-0.50%"
"Jun 04, 2021","6.186","6.228","6.228","6.184","0.19%"
"Jun 03, 2021","6.174","6.203","6.203","6.169","-0.21%"
"Jun 02, 2021","6.187","6.205","6.205","6.187","-0.15%"
"Jun 01, 2021","6.196","6.200","6.200","6.193","0.13%"
"May 31, 2021","6.188","6.269","6.269","6.188","0.50%"
"May 28, 2021","6.157","6.161","6.170","6.154","0.13%"
"May 27, 2021","6.149","6.152","6.198","6.134","0.49%"
"May 25, 2021","6.119","6.153","6.153","6.119","-0.50%"
"May 24, 2021","6.150","6.180","6.180","6.148","-0.06%"
"May 21, 2021","6.154","6.181","6.235","6.152","-0.06%"
"May 20, 2021","6.158","6.182","6.227","6.158","-0.21%"
"May 19, 2021","6.171","6.200","6.200","6.169","-0.10%"
"May 18, 2021","6.177","6.182","6.209","6.170","0.18%"
"May 17, 2021","6.166","6.201","6.201","6.166","-0.27%"
"May 14, 2021","6.183","6.174","6.237","6.165","0.39%"
"May 12, 2021","6.159","6.180","6.180","6.157","-0.11%"
"May 11, 2021","6.166","6.175","6.232","6.157","0.05%"
"May 10, 2021","6.163","6.221","6.221","6.163","0.20%"
"May 07, 2021","6.151","6.185","6.185","6.140","0.16%"
"May 06, 2021","6.141","6.177","6.240","6.141","-0.44%"
"May 05, 2021","6.168","6.213","6.240","6.165","-0.44%"
"May 04, 2021","6.195","6.177","6.240","6.174","0.28%"
"May 03, 2021","6.178","6.205","6.205","6.178","-0.08%"
"Apr 30, 2021","6.183","6.212","6.212","6.178","-0.15%"
"Apr 29, 2021","6.192","6.215","6.233","6.192","-0.11%"
"Apr 28, 2021","6.199","6.206","6.215","6.192","0.08%"
"Apr 27, 2021","6.194","6.242","6.242","6.194","-0.40%"
"Apr 26, 2021","6.219","6.243","6.261","6.219","-0.61%"
"Apr 23, 2021","6.257","6.293","6.306","6.257","-0.45%"
"Apr 22, 2021","6.285","6.307","6.307","6.285","-0.25%"
"Apr 20, 2021","6.301","6.334","6.334","6.301","0.03%"
"Apr 19, 2021","6.299","6.317","6.317","6.299","-0.03%"
"Apr 16, 2021","6.301","6.389","6.415","6.301","0.02%"
"Apr 15, 2021","6.300","6.300","6.335","6.273","0.95%"
"Apr 12, 2021","6.241","6.255","6.255","6.241","0.34%"
"Apr 09, 2021","6.220","6.247","6.247","6.220","0.42%"
"Apr 08, 2021","6.194","6.230","6.230","6.177","0.02%"
"Apr 07, 2021","6.193","6.284","6.284","6.175","-0.37%"
"Apr 06, 2021","6.216","6.248","6.302","6.213","0.16%"
"Apr 05, 2021","6.206","6.320","6.320","6.204","-1.68%"
"Mar 31, 2021","6.312","6.374","6.437","6.312","-0.27%"
"Mar 30, 2021","6.329","6.394","6.394","6.304","0.80%"
"Mar 26, 2021","6.279","6.331","6.331","6.279","-0.13%"
"Mar 25, 2021","6.287","6.395","6.395","6.287","-0.21%"
"Mar 24, 2021","6.300","6.306","6.395","6.266","0.05%"
"Mar 23, 2021","6.297","6.288","6.404","6.288","-0.43%"
"Mar 22, 2021","6.324","6.467","6.467","6.324","-0.71%"
"Mar 19, 2021","6.369","6.414","6.477","6.369","-0.98%"
"Mar 18, 2021","6.432","6.486","6.486","6.432","-0.42%"
"Mar 17, 2021","6.459","6.459","6.503","6.458","0.02%"
"Mar 16, 2021","6.458","6.487","6.523","6.454","-0.42%"
"Mar 15, 2021","6.485","6.496","6.505","6.485","-0.03%"
"Mar 12, 2021","6.487","6.487","6.496","6.487","0.26%"
"Mar 10, 2021","6.470","6.524","6.614","6.461","0.15%"
"Mar 09, 2021","6.460","6.470","6.488","6.452","0.53%"
"Mar 08, 2021","6.426","6.451","6.451","6.404","0.14%"
"Mar 05, 2021","6.417","6.444","6.444","6.417","0.80%"
"Mar 04, 2021","6.366","6.454","6.454","6.366","-0.20%"
"Mar 03, 2021","6.379","6.436","6.436","6.356","0.36%"
"Mar 02, 2021","6.356","6.365","6.392","6.338","0.11%"
"Mar 01, 2021","6.349","6.401","6.401","6.339","-0.39%"
"Feb 26, 2021","6.374","6.427","6.437","6.374","0.95%"
"Feb 25, 2021","6.314","6.323","6.438","6.287","0.67%"
"Feb 24, 2021","6.272","6.385","6.385","6.272","-0.59%"
"Feb 23, 2021","6.309","6.403","6.403","6.309","0.02%"
"Feb 22, 2021","6.308","6.297","6.368","6.297","0.88%"
"Feb 18, 2021","6.253","6.243","6.395","6.232","0.34%"
"Feb 17, 2021","6.232","6.281","6.281","6.220","0.61%"
"Feb 16, 2021","6.194","6.264","6.264","6.193","0.00%"
"Feb 15, 2021","6.194","6.194","6.264","6.185","0.85%"
"Feb 12, 2021","6.142","6.168","6.168","6.134","-0.02%"
"Feb 11, 2021","6.143","6.255","6.255","6.143","-0.44%"
"Feb 10, 2021","6.170","6.178","6.231","6.170","-0.03%"
"Feb 09, 2021","6.172","6.196","6.200","6.144","1.01%"
"Feb 08, 2021","6.110","6.136","6.179","6.089","-0.15%"
"Feb 05, 2021","6.119","6.075","6.214","6.075","1.12%"
"Feb 04, 2021","6.051","6.068","6.068","6.042","-0.15%"
"Feb 03, 2021","6.060","6.111","6.111","6.060","-0.88%"
"Feb 02, 2021","6.114","6.138","6.160","6.112","1.46%"
"Feb 01, 2021","6.026","5.889","6.095","5.852","2.90%"
"Jan 29, 2021","5.856","5.872","5.876","5.856","-0.12%"
"Jan 28, 2021","5.863","5.894","5.894","5.860","-0.03%"
"Jan 27, 2021","5.865","5.882","5.908","5.865","0.15%"
"Jan 25, 2021","5.856","5.891","5.925","5.852","0.10%"
"Jan 22, 2021","5.850","5.875","5.909","5.850","-0.02%"
"Jan 21, 2021","5.851","5.910","5.910","5.851","0.14%"
"Jan 20, 2021","5.843","5.868","5.868","5.843","0.05%"
"Jan 19, 2021","5.840","5.928","5.928","5.840","-0.15%"
"Jan 18, 2021","5.849","5.980","5.980","5.849","-0.12%"
"Jan 15, 2021","5.856","5.870","5.929","5.841","0.58%"
"Jan 14, 2021","5.822","5.846","5.863","5.822","-0.03%"
"Jan 13, 2021","5.824","5.797","5.846","5.792","0.45%"
"Jan 12, 2021","5.798","5.847","5.847","5.779","0.57%"
"Jan 11, 2021","5.765","5.780","5.780","5.765","1.05%"
"Jan 08, 2021","5.705","5.797","5.797","5.701","0.26%"
"Jan 07, 2021","5.690","5.710","5.710","5.685","0.00%"
"Jan 06, 2021","5.690","5.682","5.732","5.682","0.69%"
"Jan 05, 2021","5.651","5.666","5.682","5.649","-0.12%"
"Jan 04, 2021","5.658","5.716","5.716","5.658","-0.74%"
"Jan 01, 2021","5.700","5.733","5.766","5.700","-0.51%"
"Dec 31, 2020","5.729","5.734","5.738","5.722","-0.21%"
"Dec 30, 2020","5.741","5.768","5.776","5.735","-0.42%"
"Dec 29, 2020","5.765","5.818","5.818","5.764","-0.03%"
"Dec 28, 2020","5.767","5.777","5.777","5.760","-0.17%"
"Dec 24, 2020","5.777","5.819","5.819","5.777","-0.21%"
"Dec 23, 2020","5.789","5.854","5.854","5.789","0.03%"
"Dec 22, 2020","5.787","5.809","5.809","5.787","-0.40%"
"Dec 21, 2020","5.810","5.872","5.872","5.803","0.22%"
"Dec 18, 2020","5.797","5.855","5.855","5.793","0.14%"
"Dec 17, 2020","5.789","5.806","5.806","5.789","-0.16%"
"Dec 16, 2020","5.798","5.806","5.806","5.794","0.17%"
"Dec 15, 2020","5.788","5.803","5.803","5.777","-0.19%"
"Dec 14, 2020","5.799","5.856","5.857","5.799","-0.21%"
"Dec 11, 2020","5.811","5.807","5.854","5.787","0.47%"
"Dec 10, 2020","5.784","5.809","5.809","5.775","0.09%"
"Dec 09, 2020","5.779","5.851","5.851","5.779","-0.50%"
"Dec 08, 2020","5.808","5.806","5.843","5.801","0.26%"
"Dec 07, 2020","5.793","5.793","5.860","5.788","0.31%"
"Dec 04, 2020","5.775","5.835","5.852","5.769","-0.74%"
"Dec 03, 2020","5.818","5.845","5.845","5.815","-0.07%"
"Dec 02, 2020","5.822","5.862","5.862","5.822","-0.12%"
"Dec 01, 2020","5.829","5.845","5.862","5.817","0.57%"
"Nov 27, 2020","5.796","5.841","5.841","5.788","0.64%"
"Nov 26, 2020","5.759","5.806","5.806","5.759","-0.29%"
"Nov 25, 2020","5.776","5.848","5.848","5.771","-0.02%"
"Nov 24, 2020","5.777","5.836","5.836","5.777","-0.53%"
"Nov 23, 2020","5.808","5.823","5.823","5.795","0.10%"
"Nov 20, 2020","5.802","5.849","5.849","5.801","-0.31%"
"Nov 19, 2020","5.820","5.841","5.846","5.820","-0.09%"
"Nov 18, 2020","5.825","5.842","5.842","5.825","-0.02%"
"Nov 17, 2020","5.826","5.897","5.897","5.826","-0.21%"
"Nov 13, 2020","5.838","5.897","5.897","5.838","-0.53%"
"Nov 12, 2020","5.869","5.935","5.935","5.869","0.00%"
"Nov 11, 2020","5.869","5.944","5.944","5.869","-0.02%"
"Nov 10, 2020","5.870","5.919","5.919","5.870","0.51%"
"Nov 09, 2020","5.840","5.862","5.862","5.840","0.33%"
"Nov 06, 2020","5.821","5.854","5.854","5.821","-0.44%"
"Nov 05, 2020","5.847","5.855","5.896","5.843","-0.29%"
"Nov 04, 2020","5.864","5.895","5.895","5.856","0.00%"
"Nov 03, 2020","5.864","5.863","5.881","5.856","0.33%"
"Nov 02, 2020","5.845","5.840","5.906","5.837","0.36%"
"Oct 29, 2020","5.824","5.853","5.853","5.817","-0.10%"
"Oct 28, 2020","5.830","5.825","5.840","5.812","0.34%"
"Oct 27, 2020","5.810","5.809","5.838","5.802","0.10%"
"Oct 26, 2020","5.804","5.776","5.822","5.768","-0.10%"
"Oct 23, 2020","5.810","5.851","5.851","5.808","-0.72%"
"Oct 22, 2020","5.852","5.852","5.860","5.842","0.17%"
"Oct 21, 2020","5.842","5.852","5.902","5.834","-0.10%"
"Oct 20, 2020","5.848","5.877","5.877","5.848","-0.22%"
"Oct 19, 2020","5.861","5.960","5.960","5.858","-0.42%"
"Oct 16, 2020","5.886","5.944","5.944","5.875","0.43%"
"Oct 15, 2020","5.861","5.879","5.879","5.843","-0.15%"
"Oct 14, 2020","5.870","5.876","5.904","5.860","0.00%"
"Oct 13, 2020","5.870","5.913","5.913","5.860","-0.07%"
"Oct 12, 2020","5.874","5.979","5.979","5.872","-0.81%"
"Oct 09, 2020","5.922","6.037","6.054","5.905","-1.53%"
"Oct 08, 2020","6.014","6.055","6.055","6.014","-0.41%"
"Oct 07, 2020","6.039","6.055","6.055","6.038","-0.28%"
"Oct 06, 2020","6.056","6.064","6.081","6.046","0.41%"
"Oct 05, 2020","6.031","6.081","6.081","6.021","-0.15%"
"Oct 01, 2020","6.040","6.098","6.104","6.040","-1.02%"
"Sep 30, 2020","6.102","6.132","6.136","6.091","-0.28%"
"Sep 29, 2020","6.119","6.166","6.166","6.116","-0.10%"
"Sep 28, 2020","6.125","6.133","6.150","6.116","0.46%"
"Sep 25, 2020","6.097","6.133","6.167","6.082","0.05%"
"Sep 24, 2020","6.094","6.101","6.168","6.092","-0.07%"
"Sep 23, 2020","6.098","6.129","6.129","6.093","-0.07%"
"Sep 22, 2020","6.102","6.143","6.143","6.097","-0.05%"
"Sep 21, 2020","6.105","6.095","6.119","6.085","-0.10%"
"Sep 18, 2020","6.111","6.132","6.132","6.089","-0.57%"
"Sep 17, 2020","6.146","6.136","6.178","6.111","0.47%"
"Sep 16, 2020","6.117","6.170","6.170","6.115","-0.29%"
"Sep 15, 2020","6.135","6.170","6.170","6.120","0.07%"
"Sep 14, 2020","6.131","6.187","6.187","6.131","-0.11%"
"Sep 11, 2020","6.138","6.179","6.179","6.133","0.26%"
"Sep 10, 2020","6.122","6.139","6.139","6.092","0.54%"
"Sep 09, 2020","6.089","6.126","6.138","6.089","-0.78%"
"Sep 08, 2020","6.137","6.139","6.156","6.073","1.45%"
"Sep 07, 2020","6.049","6.008","6.090","5.996","0.95%"
"Sep 04, 2020","5.992","6.057","6.057","5.953","0.03%"
"Sep 03, 2020","5.990","6.042","6.042","5.970","-0.98%"
"Sep 02, 2020","6.049","6.141","6.141","6.039","0.23%"
"Sep 01, 2020","6.035","6.018","6.125","6.018","-2.83%"
"Aug 31, 2020","6.211","6.274","6.308","6.208","-0.35%"
"Aug 28, 2020","6.233","6.308","6.350","6.225","0.13%"
"Aug 27, 2020","6.225","6.308","6.308","6.206","0.79%"
"Aug 26, 2020","6.176","6.226","6.309","6.151","0.21%"
"Aug 25, 2020","6.163","6.201","6.201","6.148","-0.61%"
"Aug 24, 2020","6.201","6.177","6.251","6.162","1.47%"
"Aug 21, 2020","6.111","6.023","6.144","6.019","2.02%"
"Aug 20, 2020","5.990","6.014","6.014","5.990","-0.18%"
"Aug 19, 2020","6.001","6.062","6.062","6.001","0.15%"
"Aug 18, 2020","5.992","6.047","6.047","5.982","0.13%"
"Aug 17, 2020","5.984","6.039","6.039","5.976","0.15%"
"Aug 14, 2020","5.975","5.999","5.999","5.962","0.81%"
"Aug 13, 2020","5.927","5.935","5.935","5.924","-0.02%"
"Aug 12, 2020","5.928","5.984","5.984","5.928","-0.03%"
"Aug 11, 2020","5.930","5.960","5.960","5.923","-0.17%"
"Aug 10, 2020","5.940","5.948","5.965","5.940","0.10%"
"Aug 07, 2020","5.934","5.921","5.936","5.900","0.70%"
"Aug 06, 2020","5.893","5.890","5.938","5.856","0.60%"
"Aug 05, 2020","5.858","5.906","5.906","5.858","-0.22%"
"Aug 04, 2020","5.871","5.898","5.898","5.864","0.05%"
"Aug 03, 2020","5.868","5.891","5.891","5.864","2.53%"
"Jul 31, 2020","5.723","5.735","5.743","5.696","0.32%"
"Jul 30, 2020","5.705","5.753","5.753","5.705","-0.17%"
"Jul 29, 2020","5.715","5.762","5.762","5.715","-0.21%"
"Jul 28, 2020","5.727","5.753","5.797","5.727","0.07%"
"Jul 27, 2020","5.723","5.754","5.754","5.700","0.79%"
"Jul 24, 2020","5.678","5.700","5.700","5.676","0.07%"
"Jul 23, 2020","5.674","5.695","5.695","5.674","-0.16%"
"Jul 22, 2020","5.683","5.693","5.693","5.671","0.18%"
"Jul 21, 2020","5.673","5.713","5.713","5.647","0.60%"
"Jul 20, 2020","5.639","5.653","5.653","5.632","0.27%"
"Jul 17, 2020","5.624","5.653","5.653","5.624","-0.02%"
"Jul 16, 2020","5.625","5.652","5.714","5.625","-0.16%"
"Jul 15, 2020","5.634","5.655","5.655","5.632","-0.21%"
"Jul 14, 2020","5.646","5.646","5.715","5.627","0.52%"
"Jul 13, 2020","5.617","5.664","5.664","5.617","0.07%"
"Jul 10, 2020","5.613","5.661","5.672","5.613","-1.04%"
"Jul 09, 2020","5.672","5.676","5.708","5.667","-0.19%"
"Jul 08, 2020","5.683","5.700","5.703","5.671","-0.16%"
"Jul 07, 2020","5.692","5.795","5.795","5.692","-1.47%"
"Jul 06, 2020","5.777","5.792","5.792","5.777","-0.16%"
"Jul 03, 2020","5.786","5.787","5.804","5.779","0.23%"
"Jul 02, 2020","5.773","5.780","5.806","5.768","0.24%"
"Jul 01, 2020","5.759","5.823","5.823","5.754","-0.72%"
"Jun 30, 2020","5.801","5.839","5.839","5.801","-0.43%"
"Jun 29, 2020","5.826","5.893","5.893","5.824","-0.72%"
"Jun 26, 2020","5.868","5.890","5.890","5.864","-0.10%"
"Jun 25, 2020","5.874","5.929","5.929","5.873","-0.63%"
"Jun 24, 2020","5.911","5.930","5.930","5.886","0.24%"
"Jun 23, 2020","5.897","5.947","5.947","5.890","0.26%"
"Jun 22, 2020","5.882","5.896","5.904","5.843","0.20%"
"Jun 19, 2020","5.870","5.913","5.983","5.863","-0.34%"
"Jun 18, 2020","5.890","5.966","5.966","5.890","-0.88%"
"Jun 17, 2020","5.942","5.966","5.966","5.930","0.10%"
"Jun 16, 2020","5.936","5.923","5.984","5.900","0.64%"
"Jun 15, 2020","5.898","5.924","5.941","5.889","-0.05%"
"Jun 12, 2020","5.901","5.915","5.941","5.901","0.07%"
"Jun 11, 2020","5.897","5.904","5.908","5.887","-0.12%"
"Jun 10, 2020","5.904","5.934","5.934","5.898","-0.27%"
"Jun 09, 2020","5.920","5.939","5.950","5.917","-0.54%"
"Jun 08, 2020","5.952","5.986","6.004","5.940","0.15%"
"Jun 05, 2020","5.943","5.952","5.969","5.935","0.27%"
"Jun 04, 2020","5.927","5.988","5.988","5.927","-0.50%"
"Jun 03, 2020","5.957","5.988","5.988","5.955","0.32%"
"Jun 02, 2020","5.938","6.049","6.049","5.938","-0.52%"
"Jun 01, 2020","5.969","6.002","6.023","5.947","0.69%"
"May 29, 2020","5.928","5.926","5.954","5.909","0.19%"
"May 28, 2020","5.917","5.938","5.938","5.917","0.20%"
"May 27, 2020","5.905","5.912","5.921","5.891","0.08%"
"May 26, 2020","5.900","5.947","5.947","5.895","0.02%"
"May 22, 2020","5.899","5.990","5.990","5.878","-1.49%"
"May 21, 2020","5.988","6.052","6.052","5.978","-0.27%"
"May 20, 2020","6.004","6.078","6.078","6.004","0.05%"
"May 19, 2020","6.001","6.078","6.078","6.001","-0.28%"
"May 18, 2020","6.018","6.044","6.079","6.018","-0.15%"
"May 15, 2020","6.027","6.062","6.062","6.027","-0.02%"
"May 14, 2020","6.028","6.080","6.080","5.997","-0.77%"
"May 13, 2020","6.075","6.149","6.149","6.075","-0.77%"
"May 12, 2020","6.122","6.185","6.185","6.091","0.11%"
"May 11, 2020","6.115","6.185","6.220","6.089","3.14%"
"May 08, 2020","5.929","6.037","6.037","5.929","-0.82%"
"May 06, 2020","5.978","6.081","6.081","5.978","-1.42%"
"May 05, 2020","6.064","6.168","6.168","6.064","-1.16%"
"May 04, 2020","6.135","6.282","6.282","6.134","-0.26%"
"Apr 30, 2020","6.151","6.203","6.203","6.151","-0.18%"
"Apr 29, 2020","6.162","6.253","6.253","6.162","-0.06%"
"Apr 28, 2020","6.166","6.187","6.187","6.135","0.37%"
"Apr 27, 2020","6.143","6.256","6.256","6.143","-1.27%"
"Apr 24, 2020","6.222","6.169","6.230","6.126","2.13%"
"Apr 23, 2020","6.092","6.219","6.219","6.075","-2.15%"
"Apr 22, 2020","6.226","6.257","6.300","6.226","0.26%"
"Apr 21, 2020","6.210","6.240","6.240","6.191","-0.34%"
"Apr 20, 2020","6.231","6.379","6.379","6.222","-2.46%"
"Apr 17, 2020","6.388","6.500","6.521","6.388","-2.17%"
"Apr 16, 2020","6.530","6.663","6.663","6.519","-0.53%"
"Apr 15, 2020","6.565","6.753","6.753","6.565","-1.53%"
"Apr 13, 2020","6.667","6.744","6.744","6.667","-0.61%"
"Apr 09, 2020","6.708","6.788","6.834","6.708","-0.28%"
"Apr 08, 2020","6.727","6.787","6.787","6.727","0.15%"
"Apr 07, 2020","6.717","6.708","6.743","6.658","2.22%"
"Apr 03, 2020","6.571","6.663","6.663","6.562","1.17%"
"Mar 31, 2020","6.495","6.530","6.592","6.462","-0.54%"
"Mar 30, 2020","6.530","6.522","6.555","6.502","0.97%"
"Mar 27, 2020","6.467","6.575","6.610","6.434","-4.09%"
"Mar 26, 2020","6.743","6.770","6.770","6.699","-0.53%"
"Mar 24, 2020","6.779","6.851","6.851","6.770","-1.57%"
"Mar 23, 2020","6.887","6.734","6.905","6.708","3.22%"
"Mar 20, 2020","6.672","6.905","6.905","6.646","-2.58%"
"Mar 19, 2020","6.849","6.752","6.859","6.752","3.05%"
"Mar 18, 2020","6.646","6.654","6.787","6.642","0.00%"
"Mar 17, 2020","6.646","6.637","6.654","6.566","1.48%"
"Mar 16, 2020","6.549","6.601","6.610","6.505","-0.92%"
"Mar 13, 2020","6.610","6.592","6.670","6.591","2.29%"
"Mar 12, 2020","6.462","6.374","6.496","6.374","1.92%"
"Mar 11, 2020","6.340","6.383","6.383","6.330","0.76%"
"Mar 09, 2020","6.292","6.297","6.332","6.245","-0.90%"
"Mar 06, 2020","6.349","6.383","6.383","6.313","-0.49%"
"Mar 05, 2020","6.380","6.401","6.401","6.372","0.20%"
"Mar 04, 2020","6.367","6.436","6.436","6.367","-1.53%"
"Mar 03, 2020","6.466","6.497","6.497","6.461","0.22%"
"Mar 02, 2020","6.452","6.506","6.506","6.435","-0.62%"
"Feb 28, 2020","6.492","6.501","6.569","6.492","-0.17%"
"Feb 27, 2020","6.503","6.469","6.554","6.460","0.65%"
"Feb 26, 2020","6.461","6.452","6.487","6.452","-0.92%"
"Feb 25, 2020","6.521","6.504","6.521","6.487","0.69%"
"Feb 24, 2020","6.476","6.517","6.517","6.476","-0.58%"
"Feb 20, 2020","6.514","6.509","6.538","6.509","0.17%"
"Feb 18, 2020","6.503","6.520","6.520","6.499","0.35%"
"Feb 17, 2020","6.480","6.562","6.562","6.480","-0.12%"
"Feb 14, 2020","6.488","6.496","6.535","6.488","-0.44%"
"Feb 13, 2020","6.517","6.557","6.564","6.517","-0.49%"
"Feb 12, 2020","6.549","6.575","6.575","6.549","-0.14%"
"Feb 11, 2020","6.558","6.558","6.574","6.538","0.21%"
"Feb 10, 2020","6.544","6.559","6.559","6.538","-0.24%"
"Feb 07, 2020","6.560","6.560","6.576","6.542","-0.61%"
"Feb 06, 2020","6.600","6.689","6.689","6.600","-1.84%"
"Feb 05, 2020","6.724","6.733","6.802","6.719","0.25%"
"Feb 04, 2020","6.707","6.699","6.742","6.692","-0.27%"
"Feb 03, 2020","6.725","6.734","6.781","6.725","-1.35%"
"Jan 31, 2020","6.817","6.846","6.846","6.817","0.26%"
"Jan 30, 2020","6.799","6.804","6.839","6.799","-0.28%"
"Jan 29, 2020","6.818","6.844","6.844","6.817","-0.18%"
"Jan 28, 2020","6.830","6.901","6.901","6.825","-0.03%"
"Jan 27, 2020","6.832","6.819","6.836","6.819","0.06%"
"Jan 24, 2020","6.828","6.888","6.888","6.828","-0.26%"
"Jan 23, 2020","6.846","6.862","6.862","6.846","-0.23%"
"Jan 22, 2020","6.862","6.864","6.890","6.855","0.09%"
"Jan 21, 2020","6.856","6.866","6.866","6.844","-0.03%"
"Jan 20, 2020","6.858","6.882","6.891","6.858","0.01%"
"Jan 17, 2020","6.857","6.960","6.960","6.853","-0.22%"
"Jan 16, 2020","6.872","6.936","6.936","6.872","-0.30%"
"Jan 15, 2020","6.893","6.927","6.953","6.893","-0.27%"
"Jan 14, 2020","6.912","7.006","7.006","6.912","0.70%"
"Jan 13, 2020","6.864","6.893","6.945","6.864","0.19%"
"Jan 10, 2020","6.851","6.868","6.963","6.851","0.72%"
"Jan 09, 2020","6.802","6.843","6.912","6.802","-0.61%"
"Jan 08, 2020","6.844","6.921","6.921","6.842","0.12%"
"Jan 07, 2020","6.836","6.879","6.913","6.836","-0.20%"
"Jan 06, 2020","6.850","6.879","6.905","6.845","1.08%"
"Jan 03, 2020","6.777","6.828","6.828","6.768","-0.40%"
"Jan 02, 2020","6.804","6.829","6.923","6.804","-0.15%"
"Jan 01, 2020","6.814","6.881","6.881","6.814","-0.97%"
"Dec 31, 2019","6.881","6.899","6.899","6.873","0.23%"
"Dec 30, 2019","6.865","6.856","6.873","6.847","0.34%"
"Dec 27, 2019","6.842","6.861","6.861","6.835","-0.49%"
"Dec 26, 2019","6.876","6.940","6.940","6.876","-0.06%"
"Dec 24, 2019","6.880","6.871","6.930","6.871","0.12%"
"Dec 23, 2019","6.872","6.907","6.950","6.860","-0.38%"
"Dec 20, 2019","6.898","6.950","6.967","6.881","-1.27%"
"Dec 19, 2019","6.987","7.046","7.046","6.977","0.39%"
"Dec 18, 2019","6.960","7.029","7.038","6.960","-0.60%"
"Dec 17, 2019","7.002","7.030","7.030","7.002","-0.34%"
"Dec 16, 2019","7.026","7.047","7.047","7.026","0.11%"
"Dec 13, 2019","7.018","7.100","7.100","7.018","0.03%"
"Dec 12, 2019","7.016","7.035","7.041","7.016","0.39%"
"Dec 11, 2019","6.989","6.954","7.006","6.946","0.69%"
"Dec 10, 2019","6.941","6.946","6.968","6.929","0.54%"
"Dec 09, 2019","6.904","6.946","6.946","6.904","-0.25%"
"Dec 06, 2019","6.921","6.887","6.921","6.887","0.73%"
"Dec 05, 2019","6.871","6.820","6.897","6.820","2.38%"
"Dec 04, 2019","6.711","6.736","6.736","6.707","-0.13%"
"Dec 03, 2019","6.720","6.753","6.753","6.720","-0.25%"
"Dec 02, 2019","6.737","6.737","6.754","6.737","0.09%"
"Nov 29, 2019","6.731","6.746","6.746","6.731","0.06%"
"Nov 28, 2019","6.727","6.739","6.739","6.722","-0.18%"
"Nov 27, 2019","6.739","6.756","6.756","6.736","0.04%"
"Nov 26, 2019","6.736","6.757","6.757","6.736","0.28%"
"Nov 25, 2019","6.717","6.749","6.749","6.717","-0.40%"
"Nov 22, 2019","6.744","6.851","6.851","6.744","0.03%"
"Nov 21, 2019","6.742","6.717","6.784","6.717","0.45%"
"Nov 20, 2019","6.712","6.734","6.743","6.712","-0.46%"
"Nov 19, 2019","6.743","6.777","6.777","6.740","-0.34%"
"Nov 18, 2019","6.766","6.808","6.808","6.762","-0.18%"
"Nov 15, 2019","6.778","6.811","6.811","6.778","-0.26%"
"Nov 14, 2019","6.796","6.799","6.813","6.796","-0.13%"
"Nov 13, 2019","6.805","6.830","6.830","6.805","-0.69%"
"Nov 11, 2019","6.852","6.839","6.881","6.839","0.20%"
"Nov 08, 2019","6.838","6.840","6.882","6.820","0.37%"
"Nov 07, 2019","6.813","6.804","6.816","6.796","0.32%"
"Nov 06, 2019","6.791","6.850","6.850","6.791","-0.63%"
"Nov 05, 2019","6.834","6.834","6.851","6.808","0.50%"
"Nov 04, 2019","6.800","6.817","6.817","6.797","0.01%"
"Nov 01, 2019","6.799","6.826","6.826","6.771","0.03%"
"Oct 31, 2019","6.797","6.811","6.815","6.797","-0.21%"
"Oct 30, 2019","6.811","6.828","6.836","6.811","-0.04%"
"Oct 29, 2019","6.814","6.867","6.875","6.814","-0.09%"
"Oct 25, 2019","6.820","6.850","6.850","6.817","0.15%"
"Oct 24, 2019","6.810","6.860","6.860","6.810","-0.01%"
"Oct 23, 2019","6.811","6.835","6.835","6.811","-0.28%"
"Oct 22, 2019","6.830","6.836","6.845","6.819","0.26%"
"Oct 18, 2019","6.812","6.851","6.851","6.812","0.44%"
"Oct 17, 2019","6.782","6.788","6.889","6.778","-0.10%"
"Oct 16, 2019","6.789","6.822","6.822","6.778","-0.25%"
"Oct 15, 2019","6.806","6.823","6.856","6.806","-0.13%"
"Oct 14, 2019","6.815","6.873","6.873","6.814","-0.68%"
"Oct 11, 2019","6.862","6.824","6.891","6.824","0.94%"
"Oct 10, 2019","6.798","6.825","6.858","6.798","0.21%"
"Oct 09, 2019","6.784","6.826","6.834","6.767","4.84%"
"Oct 07, 2019","6.471","6.510","6.519","6.445","0.02%"
"Oct 04, 2019","6.470","6.445","6.483","6.390","0.61%"
"Oct 03, 2019","6.431","6.437","6.459","6.431","-0.86%"
"Oct 01, 2019","6.487","6.539","6.545","6.474","-1.04%"
"Sep 30, 2019","6.555","6.587","6.587","6.544","-0.58%"
"Sep 27, 2019","6.593","6.652","6.652","6.571","0.30%"
"Sep 26, 2019","6.573","6.644","6.644","6.560","-0.56%"
"Sep 25, 2019","6.610","6.616","6.638","6.600","-0.29%"
"Sep 24, 2019","6.629","6.612","6.651","6.582","0.47%"
"Sep 23, 2019","6.598","6.654","6.676","6.596","-1.09%"
"Sep 20, 2019","6.671","6.477","6.720","6.447","2.35%"
"Sep 19, 2019","6.518","6.505","6.534","6.455","0.31%"
"Sep 18, 2019","6.498","6.561","6.598","6.476","-1.31%"
"Sep 17, 2019","6.584","6.599","6.599","6.543","0.57%"
"Sep 16, 2019","6.547","6.562","6.588","6.521","0.94%"
"Sep 13, 2019","6.486","6.521","6.544","6.466","-0.18%"
"Sep 12, 2019","6.498","6.497","6.520","6.463","0.31%"
"Sep 11, 2019","6.478","6.434","6.507","6.417","1.31%"
"Sep 09, 2019","6.394","6.471","6.471","6.391","-0.47%"
"Sep 06, 2019","6.424","6.471","6.471","6.416","0.17%"
"Sep 05, 2019","6.413","6.444","6.463","6.399","0.22%"
"Sep 04, 2019","6.399","6.399","6.405","6.361","0.31%"
"Sep 03, 2019","6.379","6.390","6.412","6.376","-0.81%"
"Aug 30, 2019","6.431","6.455","6.458","6.431","0.19%"
"Aug 29, 2019","6.419","6.452","6.498","6.419","-0.30%"
"Aug 28, 2019","6.438","6.452","6.487","6.405","0.28%"
"Aug 27, 2019","6.420","6.314","6.471","6.292","0.86%"
"Aug 26, 2019","6.365","6.435","6.435","6.365","-1.33%"
"Aug 23, 2019","6.451","6.468","6.468","6.444","0.20%"
"Aug 22, 2019","6.438","6.509","6.509","6.429","-0.17%"
"Aug 21, 2019","6.449","6.484","6.484","6.425","-0.23%"
"Aug 20, 2019","6.464","6.528","6.537","6.464","-0.51%"
"Aug 19, 2019","6.497","6.620","6.620","6.497","0.36%"
"Aug 16, 2019","6.474","6.575","6.575","6.474","-1.54%"
"Aug 14, 2019","6.575","6.507","6.593","6.474","1.61%"
"Aug 13, 2019","6.471","6.548","6.548","6.448","0.59%"
"Aug 09, 2019","6.433","6.380","6.462","6.371","1.15%"
"Aug 08, 2019","6.360","6.369","6.389","6.318","0.03%"
"Aug 07, 2019","6.358","6.462","6.462","6.354","-1.47%"
"Aug 06, 2019","6.453","6.518","6.518","6.451","-1.01%"
"Aug 05, 2019","6.519","6.552","6.555","6.508","0.45%"
"Aug 02, 2019","6.490","6.508","6.528","6.473","-1.34%"
"Aug 01, 2019","6.578","6.556","6.600","6.538","0.84%"
"Jul 31, 2019","6.523","6.584","6.584","6.520","-0.40%"
"Jul 30, 2019","6.549","6.602","6.602","6.549","-0.43%"
"Jul 29, 2019","6.577","6.667","6.667","6.577","-1.84%"
"Jul 26, 2019","6.700","6.731","6.735","6.700","0.00%"
"Jul 25, 2019","6.700","6.647","6.732","6.614","1.47%"
"Jul 24, 2019","6.603","6.704","6.704","6.589","-0.32%"
"Jul 23, 2019","6.624","6.602","6.644","6.563","1.01%"
"Jul 22, 2019","6.558","6.585","6.595","6.545","1.14%"
"Jul 19, 2019","6.484","6.540","6.540","6.471","-0.31%"
"Jul 18, 2019","6.504","6.477","6.541","6.477","0.18%"
"Jul 17, 2019","6.492","6.432","6.545","6.414","0.36%"
"Jul 16, 2019","6.469","6.514","6.520","6.465","-0.83%"
"Jul 15, 2019","6.523","6.550","6.560","6.516","-0.73%"
"Jul 12, 2019","6.571","6.651","6.651","6.542","-0.12%"
"Jul 11, 2019","6.579","6.652","6.661","6.579","-0.41%"
"Jul 10, 2019","6.606","6.670","6.670","6.605","-0.62%"
"Jul 09, 2019","6.647","6.634","6.669","6.634","0.44%"
"Jul 08, 2019","6.618","6.808","6.808","6.618","-2.13%"
"Jul 05, 2019","6.762","6.845","6.845","6.704","-0.75%"
"Jul 04, 2019","6.813","6.901","6.911","6.809","-0.90%"
"Jul 03, 2019","6.875","6.874","6.886","6.855","-0.17%"
"Jul 02, 2019","6.887","6.902","6.929","6.887","-0.42%"
"Jul 01, 2019","6.916","6.948","6.976","6.916","0.07%"
"Jun 28, 2019","6.911","6.933","6.989","6.902","-0.32%"
"Jun 27, 2019","6.933","7.041","7.041","6.917","-0.23%"
"Jun 26, 2019","6.949","6.986","6.986","6.930","0.81%"
"Jun 25, 2019","6.893","6.865","6.902","6.847","0.75%"
"Jun 24, 2019","6.842","6.893","6.893","6.810","0.03%"
"Jun 21, 2019","6.840","6.847","6.884","6.827","0.72%"
"Jun 20, 2019","6.791","6.802","6.802","6.729","-0.48%"
"Jun 19, 2019","6.824","6.857","6.857","6.813","0.29%"
"Jun 18, 2019","6.804","6.909","6.909","6.802","-1.55%"
"Jun 17, 2019","6.911","6.931","6.931","6.894","0.16%"
"Jun 14, 2019","6.900","6.996","6.996","6.900","-1.16%"
"Jun 13, 2019","6.981","6.959","7.024","6.935","0.13%"
"Jun 12, 2019","6.972","6.996","7.006","6.969","-0.24%"
"Jun 11, 2019","6.989","7.099","7.099","6.989","-0.77%"
"Jun 10, 2019","7.043","7.043","7.052","6.997","1.22%"
"Jun 07, 2019","6.958","6.960","6.995","6.941","0.42%"
"Jun 06, 2019","6.929","7.052","7.052","6.888","-1.21%"
"Jun 04, 2019","7.014","7.006","7.025","6.969","0.78%"
"Jun 03, 2019","6.960","6.942","6.979","6.914","-1.42%"
"May 31, 2019","7.060","7.164","7.202","7.060","-1.33%"
"May 30, 2019","7.155","7.155","7.155","7.145","0.20%"
"May 29, 2019","7.141","7.202","7.202","7.136","-0.38%"
"May 28, 2019","7.168","7.202","7.202","7.136","-0.21%"
"May 27, 2019","7.183","7.221","7.250","7.180","-0.75%"
"May 24, 2019","7.237","7.222","7.241","7.203","0.06%"
"May 23, 2019","7.233","7.260","7.279","7.233","-0.37%"
"May 22, 2019","7.260","7.289","7.289","7.260","-0.23%"
"May 21, 2019","7.277","7.279","7.289","7.266","0.21%"
"May 20, 2019","7.262","7.298","7.346","7.260","-0.37%"
"May 17, 2019","7.289","7.290","7.379","7.289","0.26%"
"May 16, 2019","7.270","7.270","7.270","7.270","-0.18%"
"May 15, 2019","7.283","7.283","7.283","7.283","-0.03%"
"May 14, 2019","7.285","7.375","7.394","7.285","-0.34%"
"May 13, 2019","7.310","7.310","7.310","7.310","-1.47%"
"May 10, 2019","7.419","7.419","7.419","7.419","0.26%"
"May 09, 2019","7.400","7.400","7.400","7.400","0.26%"
"May 08, 2019","7.381","7.381","7.381","7.381","-0.05%"
"May 07, 2019","7.385","7.404","7.404","7.385","-0.20%"
"May 06, 2019","7.400","7.400","7.400","7.400","-0.19%"
"May 03, 2019","7.414","7.414","7.442","7.410","0.39%"
"May 02, 2019","7.385","7.433","7.433","7.385","-0.78%"
"Apr 30, 2019","7.443","7.443","7.481","7.433","0.00%"
"Apr 26, 2019","7.443","7.487","7.487","7.443","-0.59%"
"Apr 25, 2019","7.487","7.500","7.506","7.487","0.08%"
"Apr 24, 2019","7.481","7.506","7.510","7.479","-0.64%"
"Apr 23, 2019","7.529","7.519","7.587","7.519","0.13%"
"Apr 22, 2019","7.519","7.519","7.521","7.510","0.76%"
"Apr 18, 2019","7.462","7.433","7.539","7.433","0.51%"
"Apr 16, 2019","7.424","7.424","7.424","7.418","0.00%"
"Apr 15, 2019","7.424","7.443","7.443","7.424","-0.13%"
"Apr 12, 2019","7.434","7.418","7.443","7.418","0.34%"
"Apr 11, 2019","7.409","7.443","7.453","7.409","-0.20%"
"Apr 10, 2019","7.424","7.415","7.472","7.415","0.26%"
"Apr 09, 2019","7.405","7.434","7.434","7.405","-0.26%"
"Apr 08, 2019","7.424","7.405","7.443","7.386","1.10%"
"Apr 05, 2019","7.343","7.358","7.387","7.298","0.74%"
"Apr 04, 2019","7.289","7.264","7.340","7.206","0.91%"
"Apr 03, 2019","7.223","7.255","7.255","7.214","0.00%"
"Apr 02, 2019","7.223","7.340","7.340","7.223","-0.96%"
"Mar 29, 2019","7.293","7.308","7.340","7.274","0.12%"
"Mar 28, 2019","7.284","7.302","7.340","7.273","-0.08%"
"Mar 27, 2019","7.290","7.340","7.378","7.290","-0.10%"
"Mar 26, 2019","7.297","7.378","7.378","7.288","0.27%"
"Mar 25, 2019","7.277","7.290","7.290","7.277","-0.41%"
"Mar 22, 2019","7.307","7.299","7.322","7.293","-0.52%"
"Mar 20, 2019","7.345","7.359","7.395","7.337","-0.12%"
"Mar 19, 2019","7.354","7.322","7.369","7.309","0.71%"
"Mar 18, 2019","7.302","7.304","7.322","7.275","-0.23%"
"Mar 15, 2019","7.319","7.365","7.365","7.319","-0.48%"
"Mar 14, 2019","7.354","7.351","7.370","7.323","-0.14%"
"Mar 13, 2019","7.364","7.388","7.388","7.351","0.07%"
"Mar 12, 2019","7.359","7.436","7.436","7.347","-0.10%"
"Mar 11, 2019","7.366","7.389","7.389","7.360","-0.14%"
"Mar 08, 2019","7.376","7.417","7.417","7.376","-0.38%"
"Mar 07, 2019","7.404","7.426","7.426","7.404","0.05%"
"Mar 06, 2019","7.400","7.398","7.492","7.389","0.15%"
"Mar 05, 2019","7.389","7.417","7.417","7.384","0.00%"
"Mar 01, 2019","7.389","7.445","7.445","7.389","-0.26%"
"Feb 28, 2019","7.408","7.483","7.493","7.408","-0.63%"
"Feb 27, 2019","7.455","7.446","7.531","7.427","0.32%"
"Feb 26, 2019","7.431","7.456","7.456","7.431","0.05%"
"Feb 25, 2019","7.427","7.474","7.474","7.427","-0.26%"
"Feb 22, 2019","7.446","7.416","7.484","7.416","0.77%"
"Feb 21, 2019","7.389","7.475","7.475","7.389","0.03%"
"Feb 20, 2019","7.387","7.503","7.503","7.387","-0.38%"
"Feb 18, 2019","7.415","7.512","7.512","7.415","0.07%"
"Feb 15, 2019","7.410","7.419","7.447","7.408","0.38%"
"Feb 14, 2019","7.382","7.391","7.406","7.380","0.23%"
"Feb 13, 2019","7.365","7.429","7.429","7.354","-1.13%"
"Feb 12, 2019","7.449","7.466","7.485","7.449","0.12%"
"Feb 11, 2019","7.440","7.447","7.494","7.440","0.15%"
"Feb 08, 2019","7.429","7.476","7.494","7.401","0.09%"
"Feb 07, 2019","7.422","7.541","7.588","7.419","-1.34%"
"Feb 06, 2019","7.523","7.570","7.570","7.523","-0.52%"
"Feb 05, 2019","7.562","7.632","7.632","7.562","-0.62%"
"Feb 04, 2019","7.609","7.645","7.645","7.589","0.74%"
"Feb 01, 2019","7.553","7.448","7.621","7.402","1.60%"
"Jan 31, 2019","7.434","7.495","7.497","7.434","-0.76%"
"Jan 30, 2019","7.491","7.513","7.514","7.477","0.27%"
"Jan 29, 2019","7.471","7.497","7.497","7.471","-0.20%"
"Jan 28, 2019","7.486","7.503","7.510","7.486","0.05%"
"Jan 25, 2019","7.482","7.551","7.551","7.480","-0.25%"
"Jan 24, 2019","7.501","7.524","7.585","7.501","-0.23%"
"Jan 23, 2019","7.518","7.466","7.533","7.457","0.67%"
"Jan 22, 2019","7.468","7.505","7.505","7.458","-0.60%"
"Jan 21, 2019","7.513","7.589","7.597","7.495","-0.32%"
"Jan 18, 2019","7.537","7.552","7.561","7.505","0.75%"
"Jan 17, 2019","7.481","7.552","7.552","7.476","0.01%"
"Jan 16, 2019","7.480","7.409","7.487","7.385","1.03%"
"Jan 15, 2019","7.404","7.450","7.450","7.404","0.27%"
"Jan 14, 2019","7.384","7.422","7.422","7.374","-0.77%"
"Jan 11, 2019","7.441","7.426","7.478","7.397","0.24%"
"Jan 10, 2019","7.423","7.449","7.473","7.423","-0.07%"
"Jan 09, 2019","7.428","7.449","7.451","7.405","0.19%"
"Jan 08, 2019","7.414","7.515","7.523","7.398","-1.51%"
"Jan 07, 2019","7.528","7.488","7.540","7.469","0.79%"
"Jan 04, 2019","7.469","7.460","7.495","7.430","0.20%"
"Jan 03, 2019","7.454","7.495","7.495","7.412","0.89%"
"Jan 02, 2019","7.388","7.485","7.485","7.377","-0.65%"
"Jan 01, 2019","7.436","7.450","7.469","7.413","0.79%"
"Dec 31, 2018","7.378","7.404","7.432","7.364","-0.40%"
"Dec 28, 2018","7.408","7.322","7.413","7.303","1.42%"
"Dec 27, 2018","7.304","7.331","7.347","7.273","0.14%"
"Dec 26, 2018","7.294","7.285","7.300","7.265","-0.21%"
"Dec 24, 2018","7.309","7.366","7.366","7.291","0.27%"
"Dec 21, 2018","7.289","7.364","7.364","7.289","-0.15%"
"Dec 20, 2018","7.300","7.276","7.302","7.262","0.68%"
"Dec 19, 2018","7.251","7.267","7.295","7.247","-1.39%"
"Dec 18, 2018","7.353","7.432","7.432","7.353","-1.10%"
"Dec 17, 2018","7.435","7.450","7.450","7.408","0.12%"
"Dec 14, 2018","7.426","7.437","7.454","7.423","0.24%"
"Dec 13, 2018","7.408","7.445","7.448","7.406","-0.36%"
"Dec 12, 2018","7.435","7.533","7.533","7.435","-1.18%"
"Dec 11, 2018","7.524","7.737","7.737","7.524","-0.99%"
"Dec 10, 2018","7.599","7.531","7.635","7.503","1.75%"
"Dec 07, 2018","7.468","7.413","7.490","7.389","0.78%"
"Dec 06, 2018","7.410","7.459","7.459","7.377","-0.19%"
"Dec 05, 2018","7.424","7.569","7.584","7.413","-1.56%"
"Dec 04, 2018","7.542","7.597","7.597","7.538","-0.61%"
"Dec 03, 2018","7.588","7.731","7.731","7.582","0.20%"
"Nov 30, 2018","7.573","7.603","7.603","7.566","0.03%"
"Nov 29, 2018","7.571","7.625","7.625","7.546","-0.46%"
"Nov 28, 2018","7.606","7.665","7.671","7.606","-1.27%"
"Nov 27, 2018","7.704","7.720","7.725","7.688","0.05%"
"Nov 26, 2018","7.700","7.689","7.713","7.661","0.12%"
"Nov 22, 2018","7.691","7.752","7.752","7.685","-0.81%"
"Nov 20, 2018","7.754","7.763","7.797","7.724","-0.06%"
"Nov 19, 2018","7.759","7.847","7.847","7.759","-0.63%"
"Nov 16, 2018","7.808","7.770","7.811","7.769","0.83%"
"Nov 15, 2018","7.744","7.735","7.752","7.714","0.51%"
"Nov 14, 2018","7.705","7.698","7.740","7.677","-0.22%"
"Nov 13, 2018","7.722","7.772","7.772","7.714","-0.71%"
"Nov 12, 2018","7.777","7.809","7.809","7.772","0.43%"
"Nov 09, 2018","7.744","7.781","7.781","7.735","-0.78%"
"Nov 06, 2018","7.805","7.809","7.814","7.786","0.05%"
"Nov 05, 2018","7.801","7.808","7.810","7.784","0.44%"
"Nov 02, 2018","7.767","7.836","7.836","7.737","-1.07%"
"Nov 01, 2018","7.851","7.911","7.911","7.851","-0.61%"
"Oct 31, 2018","7.899","7.938","7.938","7.899","0.22%"
"Oct 30, 2018","7.882","7.882","7.895","7.872","0.31%"
"Oct 29, 2018","7.858","7.901","7.901","7.852","-0.87%"
"Oct 26, 2018","7.927","7.976","7.976","7.921","-0.09%"
"Oct 25, 2018","7.934","7.938","7.975","7.929","-0.16%"
"Oct 24, 2018","7.947","7.938","7.950","7.912","-0.11%"
"Oct 23, 2018","7.956","7.984","7.992","7.945","-0.19%"
"Oct 22, 2018","7.971","8.050","8.050","7.956","-0.16%"
"Oct 19, 2018","7.984","8.018","8.018","7.923","0.21%"
"Oct 17, 2018","7.967","8.012","8.012","7.937","0.49%"
"Oct 16, 2018","7.928","8.012","8.012","7.928","-0.63%"
"Oct 15, 2018","7.978","8.068","8.068","7.978","-0.86%"
"Oct 12, 2018","8.047","8.028","8.055","7.995","0.15%"
"Oct 11, 2018","8.035","8.086","8.086","8.032","-0.56%"
"Oct 10, 2018","8.080","8.161","8.161","8.080","-0.99%"
"Oct 09, 2018","8.161","8.103","8.199","8.085","1.14%"
"Oct 08, 2018","8.069","8.121","8.121","8.067","-0.69%"
"Oct 05, 2018","8.125","8.283","8.283","8.125","-1.78%"
"Oct 04, 2018","8.272","8.316","8.316","8.260","0.46%"
"Oct 03, 2018","8.234","8.160","8.234","8.151","1.54%"
"Oct 01, 2018","8.109","8.104","8.132","8.061","-0.26%"
"Sep 28, 2018","8.130","8.160","8.169","8.115","-0.17%"
"Sep 27, 2018","8.144","8.178","8.197","8.144","-0.54%"
"Sep 26, 2018","8.188","8.235","8.235","8.178","-0.56%"
"Sep 25, 2018","8.234","8.272","8.272","8.225","-0.05%"
"Sep 24, 2018","8.238","8.242","8.253","8.204","0.32%"
"Sep 21, 2018","8.212","8.196","8.272","8.140","0.20%"
"Sep 19, 2018","8.196","8.281","8.281","8.194","-0.80%"
"Sep 18, 2018","8.262","8.290","8.290","8.181","0.51%"
"Sep 17, 2018","8.220","8.318","8.318","8.211","-0.65%"
"Sep 16, 2018","8.274","8.274","8.274","8.274","0.40%"
"Sep 14, 2018","8.241","8.252","8.276","8.220","-0.58%"
"Sep 12, 2018","8.289","8.333","8.337","8.270","-0.16%"
"Sep 11, 2018","8.302","8.308","8.312","8.251","0.28%"
"Sep 10, 2018","8.279","8.241","8.294","8.213","1.25%"
"Sep 07, 2018","8.177","8.213","8.213","8.138","-0.11%"
"Sep 06, 2018","8.186","8.179","8.222","8.171","-0.05%"
"Sep 05, 2018","8.190","8.203","8.276","8.170","-0.11%"
"Sep 04, 2018","8.199","8.182","8.207","8.133","0.61%"
"Sep 03, 2018","8.149","8.098","8.152","8.071","0.53%"
"Aug 31, 2018","8.106","8.113","8.114","8.100","0.12%"
"Aug 30, 2018","8.096","8.109","8.109","8.083","0.16%"
"Aug 29, 2018","8.083","8.081","8.088","8.062","0.15%"
"Aug 28, 2018","8.071","8.070","8.081","8.062","0.11%"
"Aug 27, 2018","8.062","8.081","8.081","8.049","0.06%"
"Aug 24, 2018","8.057","8.086","8.088","8.057","-0.20%"
"Aug 23, 2018","8.073","8.080","8.080","8.064","0.37%"
"Aug 21, 2018","8.043","8.049","8.090","8.026","-0.14%"
"Aug 20, 2018","8.054","8.052","8.080","8.047","-0.27%"
"Aug 16, 2018","8.076","8.089","8.099","8.052","0.67%"
"Aug 14, 2018","8.022","8.019","8.033","8.011","-0.02%"
"Aug 13, 2018","8.024","8.061","8.061","8.006","0.72%"
"Aug 10, 2018","7.967","7.996","7.996","7.950","0.05%"
"Aug 09, 2018","7.963","7.987","7.987","7.963","-0.49%"
"Aug 08, 2018","8.002","8.024","8.032","8.000","-0.15%"
"Aug 07, 2018","8.014","8.014","8.020","7.990","0.16%"
"Aug 06, 2018","8.001","8.020","8.020","7.994","0.03%"
"Aug 03, 2018","7.999","7.999","8.022","7.987","0.48%"
"Aug 02, 2018","7.961","7.959","8.005","7.923","0.25%"
"Aug 01, 2018","7.941","8.032","8.112","7.941","-1.10%"
"Jul 31, 2018","8.029","8.051","8.051","8.021","-0.14%"
"Jul 30, 2018","8.040","8.065","8.073","8.029","-0.06%"
"Jul 27, 2018","8.045","8.060","8.060","8.041","0.09%"
"Jul 26, 2018","8.038","8.074","8.074","8.036","-0.27%"
"Jul 25, 2018","8.060","8.080","8.080","8.060","0.05%"
"Jul 24, 2018","8.056","8.087","8.087","8.056","-0.20%"
"Jul 23, 2018","8.072","8.069","8.094","8.050","0.16%"
"Jul 20, 2018","8.059","8.074","8.085","8.059","-0.19%"
"Jul 19, 2018","8.074","8.105","8.105","8.050","0.46%"
"Jul 18, 2018","8.037","8.041","8.046","8.017","0.19%"
"Jul 17, 2018","8.022","8.059","8.094","8.022","-0.71%"
"Jul 16, 2018","8.079","8.160","8.160","8.079","0.14%"
"Jul 13, 2018","8.068","8.105","8.105","8.050","0.16%"
"Jul 12, 2018","8.055","8.123","8.129","8.055","-1.18%"
"Jul 11, 2018","8.151","8.169","8.178","8.145","-0.13%"
"Jul 10, 2018","8.162","8.197","8.197","8.160","-0.04%"
"Jul 09, 2018","8.165","8.159","8.178","8.148","0.23%"
"Jul 06, 2018","8.146","8.178","8.178","8.143","-0.20%"
"Jul 05, 2018","8.162","8.131","8.183","8.127","0.54%"
"Jul 04, 2018","8.118","8.205","8.205","8.103","-0.22%"
"Jul 03, 2018","8.136","8.167","8.167","8.136","-0.11%"
"Jul 02, 2018","8.145","8.163","8.163","8.130","0.22%"
"Jun 29, 2018","8.127","8.141","8.141","8.120","-0.26%"
"Jun 28, 2018","8.148","8.121","8.160","8.121","0.84%"
"Jun 27, 2018","8.080","8.100","8.100","8.080","0.36%"
"Jun 26, 2018","8.051","8.051","8.051","8.051","0.00%"
"Jun 25, 2018","8.051","8.051","8.051","8.051","-0.15%"
"Jun 22, 2018","8.063","8.063","8.063","8.063","0.51%"
"Jun 21, 2018","8.022","8.022","8.022","8.022","-0.62%"
"Jun 20, 2018","8.072","8.072","8.072","8.072","-0.02%"
"Jun 19, 2018","8.074","8.120","8.120","8.074","-0.10%"
"Jun 18, 2018","8.082","8.101","8.101","8.082","-0.36%"
"Jun 15, 2018","8.111","8.159","8.159","8.082","-0.34%"
"Jun 14, 2018","8.139","8.149","8.169","8.101","0.47%"
"Jun 13, 2018","8.101","8.149","8.149","8.100","-0.82%"
"Jun 12, 2018","8.168","8.178","8.178","8.149","0.23%"
"Jun 11, 2018","8.149","8.217","8.217","8.149","0.23%"
"Jun 08, 2018","8.130","8.198","8.198","8.130","-0.23%"
"Jun 07, 2018","8.149","8.178","8.217","8.149","0.84%"
"Jun 06, 2018","8.081","8.081","8.100","8.069","0.96%"
"Jun 05, 2018","8.004","8.062","8.062","8.004","-0.47%"
"Jun 04, 2018","8.042","8.091","8.091","8.042","-0.12%"
"Jun 01, 2018","8.052","8.098","8.098","8.052","0.47%"
"May 31, 2018","8.014","8.042","8.052","8.014","0.97%"
"May 30, 2018","7.937","7.970","7.970","7.937","-0.13%"
"May 29, 2018","7.947","7.975","7.983","7.947","0.15%"
"May 28, 2018","7.935","8.014","8.014","7.928","-0.15%"
"May 25, 2018","7.947","8.071","8.071","7.947","-1.54%"
"May 24, 2018","8.071","8.061","8.071","8.052","0.24%"
"May 23, 2018","8.052","8.033","8.071","8.029","-0.14%"
"May 22, 2018","8.063","8.052","8.063","8.023","0.72%"
"May 21, 2018","8.005","8.051","8.051","8.004","-0.22%"
"May 20, 2018","8.023","8.023","8.023","8.023","0.00%"
"May 18, 2018","8.023","8.053","8.053","7.984","-0.35%"
"May 17, 2018","8.051","8.089","8.089","8.051","-0.32%"
"May 16, 2018","8.077","8.070","8.077","8.060","0.24%"
"May 15, 2018","8.058","8.058","8.058","8.056","0.70%"
"May 14, 2018","8.002","7.895","8.002","7.877","1.56%"
"May 11, 2018","7.879","7.896","7.896","7.870","0.24%"
"May 10, 2018","7.860","7.907","7.907","7.860","0.00%"
"May 09, 2018","7.860","7.841","7.926","7.811","1.46%"
"May 08, 2018","7.747","7.813","7.822","7.738","-0.48%"
"May 07, 2018","7.784","7.831","7.831","7.766","-0.71%"
"May 04, 2018","7.840","7.840","7.840","7.840","0.17%"
"May 03, 2018","7.827","7.859","7.859","7.827","-0.14%"
"May 02, 2018","7.838","7.850","7.850","7.831","0.09%"
"Apr 27, 2018","7.831","7.878","7.878","7.831","-0.23%"
"Apr 26, 2018","7.849","7.862","7.886","7.849","0.03%"
"Apr 25, 2018","7.847","7.858","7.863","7.847","0.58%"
"Apr 24, 2018","7.802","7.802","7.802","7.802","-0.24%"
"Apr 23, 2018","7.821","7.793","7.821","7.793","0.10%"
"Apr 20, 2018","7.813","7.820","7.820","7.813","0.86%"
"Apr 19, 2018","7.746","7.677","7.755","7.677","0.85%"
"Apr 18, 2018","7.681","7.653","7.681","7.646","0.60%"
"Apr 17, 2018","7.635","7.625","7.672","7.616","0.20%"
"Apr 16, 2018","7.620","7.598","7.623","7.596","-0.04%"
"Apr 13, 2018","7.623","7.635","7.662","7.607","-0.08%"
"Apr 12, 2018","7.629","7.625","7.635","7.607","0.05%"
"Apr 11, 2018","7.625","7.589","7.718","7.589","1.46%"
"Apr 10, 2018","7.515","7.497","7.534","7.459","1.97%"
"Apr 09, 2018","7.370","7.298","7.388","7.298","0.86%"
"Apr 07, 2018","7.307","7.307","7.307","7.307","0.00%"
"Apr 06, 2018","7.307","7.352","7.370","7.298","0.00%"
"Apr 05, 2018","7.307","7.479","7.479","7.298","-1.97%"
"Apr 04, 2018","7.454","7.497","7.516","7.454","-0.57%"
"Apr 03, 2018","7.497","7.497","7.497","7.497","-0.49%"
"Mar 28, 2018","7.534","7.497","7.570","7.470","0.49%"
"Mar 27, 2018","7.497","7.607","7.634","7.479","-2.85%"
"Mar 26, 2018","7.717","7.680","7.735","7.680","0.65%"
"Mar 23, 2018","7.667","7.653","7.699","7.653","0.12%"
"Mar 22, 2018","7.658","7.717","7.717","7.651","0.00%"
"Mar 21, 2018","7.658","7.717","7.717","7.655","-0.05%"
"Mar 20, 2018","7.662","7.699","7.699","7.653","0.25%"
"Mar 19, 2018","7.643","7.643","7.653","7.607","0.35%"
"Mar 16, 2018","7.616","7.671","7.671","7.616","-0.72%"
"Mar 15, 2018","7.671","7.730","7.730","7.671","-0.34%"
"Mar 14, 2018","7.697","7.713","7.713","7.697","-0.09%"
"Mar 13, 2018","7.704","7.671","7.704","7.671","0.34%"
"Mar 12, 2018","7.678","7.687","7.687","7.678","-0.36%"
"Mar 09, 2018","7.706","7.717","7.717","7.706","0.14%"
"Mar 08, 2018","7.695","7.671","7.695","7.671","0.12%"
"Mar 07, 2018","7.686","7.744","7.744","7.686","-1.11%"
"Mar 06, 2018","7.772","7.772","7.772","7.772","0.00%"
"Mar 05, 2018","7.772","7.781","7.781","7.772","-0.06%"
"Mar 01, 2018","7.777","7.735","7.777","7.735","0.32%"
"Feb 28, 2018","7.752","7.726","7.752","7.726","0.48%"
"Feb 27, 2018","7.715","7.753","7.753","7.715","-0.49%"
"Feb 26, 2018","7.753","7.766","7.766","7.753","0.12%"
"Feb 23, 2018","7.744","7.799","7.799","7.744","-1.06%"
"Feb 22, 2018","7.827","7.891","7.891","7.827","0.24%"
"Feb 21, 2018","7.808","7.720","7.808","7.720","0.71%"
"Feb 20, 2018","7.753","7.708","7.753","7.708","0.87%"
"Feb 18, 2018","7.686","7.686","7.686","7.686","0.00%"
"Feb 16, 2018","7.686","7.704","7.704","7.686","0.22%"
"Feb 15, 2018","7.669","7.644","7.669","7.644","1.00%"
"Feb 14, 2018","7.593","7.619","7.619","7.593","-0.26%"
"Feb 12, 2018","7.613","7.611","7.613","7.611","-0.22%"
"Feb 09, 2018","7.630","7.588","7.630","7.588","0.70%"
"Feb 08, 2018","7.577","7.604","7.604","7.577","-0.79%"
"Feb 07, 2018","7.637","7.699","7.699","7.637","-0.43%"
"Feb 06, 2018","7.670","7.690","7.690","7.670","-0.47%"
"Feb 05, 2018","7.706","7.708","7.708","7.706","0.09%"
"Feb 02, 2018","7.699","7.777","7.777","7.699","-0.44%"
"Feb 01, 2018","7.733","7.627","7.733","7.627","2.26%"
"Jan 31, 2018","7.562","7.548","7.562","7.548","0.03%"
"Jan 30, 2018","7.560","7.562","7.562","7.560","-0.17%"
"Jan 29, 2018","7.573","7.519","7.573","7.519","1.24%"
"Jan 25, 2018","7.480","7.478","7.480","7.478","0.38%"
"Jan 24, 2018","7.452","7.439","7.452","7.439","0.53%"
"Jan 23, 2018","7.413","7.420","7.420","7.413","-0.62%"
"Jan 22, 2018","7.459","7.484","7.484","7.459","-0.05%"
"Jan 19, 2018","7.463","7.450","7.463","7.450","-0.09%"
"Jan 18, 2018","7.470","7.463","7.470","7.463","0.67%"
"Jan 17, 2018","7.420","7.449","7.449","7.420","-1.57%"
"Jan 16, 2018","7.538","7.518","7.538","7.518","1.67%"
"Jan 15, 2018","7.414","7.447","7.447","7.414","-0.12%"
"Jan 12, 2018","7.423","7.415","7.423","7.415","0.19%"
"Jan 11, 2018","7.409","7.425","7.425","7.409","-0.31%"
"Jan 10, 2018","7.432","7.386","7.432","7.386","1.29%"
"Jan 09, 2018","7.337","7.335","7.337","7.335","0.29%"
"Jan 08, 2018","7.316","7.300","7.316","7.300","0.36%"
"Jan 05, 2018","7.290","7.351","7.351","7.290","-0.76%"
"Jan 04, 2018","7.346","7.346","7.346","7.346","0.14%"
"Jan 03, 2018","7.336","7.389","7.389","7.336","-0.72%"
"Jan 02, 2018","7.389","7.392","7.392","7.389","0.45%"
"Jan 01, 2018","7.356","7.345","7.356","7.345","0.05%"
"Dec 29, 2017","7.352","7.387","7.387","7.352","-0.86%"
"Dec 28, 2017","7.416","7.389","7.416","7.389","1.92%"
"Dec 27, 2017","7.276","7.311","7.311","7.276","-0.83%"
"Dec 26, 2017","7.337","7.363","7.363","7.337","0.23%"
"Dec 22, 2017","7.320","7.290","7.320","7.290","0.36%"
"Dec 21, 2017","7.294","7.289","7.294","7.289","0.19%"
"Dec 20, 2017","7.280","7.260","7.280","7.260","0.66%"
"Dec 19, 2017","7.232","7.237","7.237","7.232","-0.06%"
"Dec 18, 2017","7.236","7.203","7.236","7.203","1.16%"
"Dec 16, 2017","7.153","7.153","7.153","7.153","0.00%"
"Dec 15, 2017","7.153","7.155","7.155","7.153","0.11%"
"Dec 14, 2017","7.145","7.168","7.168","7.145","-0.43%"
"Dec 13, 2017","7.176","7.227","7.227","7.176","-0.08%"
"Dec 12, 2017","7.182","7.192","7.192","7.182","0.38%"
"Dec 11, 2017","7.155","7.124","7.155","7.124","0.95%"
"Dec 08, 2017","7.088","7.078","7.088","7.078","0.34%"
"Dec 07, 2017","7.064","7.049","7.064","7.049","0.31%"
"Dec 06, 2017","7.042","7.074","7.074","7.042","-0.33%"
"Dec 05, 2017","7.065","7.067","7.067","7.065","-0.24%"
"Dec 04, 2017","7.082","7.093","7.093","7.082","0.11%"
"Nov 30, 2017","7.074","7.055","7.074","7.055","0.48%"
"Nov 29, 2017","7.040","7.048","7.048","7.040","-0.27%"
"Nov 28, 2017","7.059","7.074","7.074","7.059","-0.32%"
"Nov 27, 2017","7.082","7.059","7.082","7.059","0.40%"
"Nov 24, 2017","7.054","7.071","7.071","7.054","0.06%"
"Nov 23, 2017","7.050","7.088","7.088","7.050","-0.03%"
"Nov 22, 2017","7.052","7.037","7.052","7.037","0.76%"
"Nov 21, 2017","6.999","7.004","7.004","6.999","0.36%"
"Nov 20, 2017","6.974","6.989","6.989","6.974","-1.98%"
"Nov 17, 2017","7.115","7.041","7.115","7.041","0.03%"
"Nov 16, 2017","7.113","7.096","7.113","7.096","0.87%"
"Nov 15, 2017","7.052","7.056","7.056","7.052","-0.41%"
"Nov 14, 2017","7.081","7.079","7.081","7.079","1.11%"
"Nov 13, 2017","7.003","7.001","7.003","7.001","0.27%"
"Nov 10, 2017","6.984","6.952","6.984","6.952","0.49%"
"Nov 09, 2017","6.950","6.947","6.950","6.947","0.00%"
"Nov 08, 2017","6.950","6.949","6.950","6.949","0.04%"
"Nov 07, 2017","6.947","6.956","6.956","6.947","0.30%"
"Nov 06, 2017","6.926","6.915","6.926","6.915","0.44%"
"Nov 03, 2017","6.896","6.900","6.900","6.896","-0.12%"
"Nov 02, 2017","6.904","6.917","6.917","6.904","-0.43%"
"Nov 01, 2017","6.934","6.925","6.934","6.925","0.26%"
"Oct 31, 2017","6.916","6.938","6.938","6.916","-0.35%"
"Oct 30, 2017","6.940","6.899","6.940","6.899","0.71%"
"Oct 29, 2017","6.891","6.891","6.891","6.891","0.00%"
"Oct 27, 2017","6.891","6.910","6.910","6.891","-0.03%"
"Oct 26, 2017","6.893","6.901","6.901","6.893","-0.17%"
"Oct 25, 2017","6.905","6.896","6.905","6.896","0.28%"
"Oct 24, 2017","6.886","6.898","6.898","6.886","-0.15%"
"Oct 23, 2017","6.896","6.881","6.896","6.881","0.60%"
"Oct 22, 2017","6.855","6.855","6.855","6.855","0.00%"
"Oct 18, 2017","6.855","6.864","6.864","6.855","-0.25%"
"Oct 17, 2017","6.872","6.867","6.872","6.867","0.20%"
"Oct 16, 2017","6.858","6.872","6.872","6.858","-0.19%"
"Oct 13, 2017","6.871","6.873","6.873","6.871","-0.46%"
"Oct 12, 2017","6.903","6.897","6.903","6.897","0.10%"
"Oct 11, 2017","6.896","6.909","6.909","6.896","0.12%"
"Oct 10, 2017","6.888","6.912","6.912","6.888","-0.46%"
"Oct 09, 2017","6.920","6.907","6.920","6.907","0.10%"
"Oct 06, 2017","6.913","6.918","6.918","6.913","0.16%"
"Oct 05, 2017","6.902","6.913","6.913","6.902","0.31%"
"Oct 04, 2017","6.881","6.824","6.881","6.824","0.61%"
"Oct 03, 2017","6.839","6.850","6.850","6.839","-0.54%"
"Sep 29, 2017","6.876","6.865","6.876","6.865","-0.01%"
"Sep 28, 2017","6.877","6.890","6.890","6.877","-0.22%"
"Sep 27, 2017","6.892","6.886","6.892","6.886","0.00%"
"Sep 26, 2017","6.892","6.886","6.892","6.886","0.61%"
"Sep 25, 2017","6.850","6.857","6.857","6.850","-0.39%"
"Sep 22, 2017","6.877","6.894","6.894","6.877","-0.20%"
"Sep 21, 2017","6.891","6.856","6.891","6.856","1.44%"
"Sep 20, 2017","6.793","6.793","6.793","6.793","-0.09%"
"Sep 19, 2017","6.799","6.805","6.805","6.799","-0.16%"
"Sep 18, 2017","6.810","6.805","6.810","6.805","0.07%"
"Sep 15, 2017","6.805","6.792","6.805","6.792","0.53%"
"Sep 14, 2017","6.769","6.765","6.769","6.765","0.19%"
"Sep 13, 2017","6.756","6.754","6.756","6.754","0.40%"
"Sep 12, 2017","6.729","6.742","6.742","6.729","-0.06%"
"Sep 11, 2017","6.733","6.731","6.733","6.731","0.16%"
"Sep 08, 2017","6.722","6.709","6.722","6.709","0.18%"
"Sep 07, 2017","6.710","6.725","6.725","6.710","-0.10%"
"Sep 06, 2017","6.717","6.699","6.717","6.699","0.07%"
"Sep 05, 2017","6.712","6.709","6.712","6.709","0.07%"
"Sep 04, 2017","6.707","6.711","6.711","6.707","0.30%"
"Sep 01, 2017","6.687","6.682","6.687","6.682","-0.25%"
"Aug 31, 2017","6.704","6.713","6.713","6.704","-0.03%"
"Aug 30, 2017","6.706","6.706","6.706","6.706","-0.03%"
"Aug 29, 2017","6.708","6.728","6.728","6.708","-0.43%"
"Aug 28, 2017","6.737","6.743","6.743","6.737","0.10%"
"Aug 24, 2017","6.730","6.727","6.730","6.727","0.01%"
"Aug 23, 2017","6.729","6.729","6.729","6.729","-0.12%"
"Aug 22, 2017","6.737","6.728","6.737","6.728","0.07%"
"Aug 21, 2017","6.732","6.732","6.732","6.732","0.09%"
"Aug 18, 2017","6.726","6.715","6.726","6.715","-0.15%"
"Aug 16, 2017","6.736","6.741","6.741","6.736","0.10%"
"Aug 14, 2017","6.729","6.727","6.729","6.727","0.18%"
"Aug 11, 2017","6.717","6.715","6.717","6.715","-0.06%"
"Aug 10, 2017","6.721","6.696","6.721","6.696","0.67%"
"Aug 09, 2017","6.676","6.668","6.676","6.668","0.23%"
"Aug 08, 2017","6.661","6.668","6.668","6.661","0.00%"
"Aug 07, 2017","6.661","6.654","6.661","6.654","0.30%"
"Aug 06, 2017","6.641","6.641","6.641","6.641","0.00%"
"Aug 04, 2017","6.641","6.638","6.641","6.638","0.20%"
"Aug 03, 2017","6.628","6.642","6.642","6.628","-1.52%"
"Aug 02, 2017","6.730","6.752","6.752","6.730","-0.27%"
"Aug 01, 2017","6.748","6.743","6.748","6.743","-0.41%"
"Jul 31, 2017","6.776","6.760","6.776","6.760","0.19%"
"Jul 28, 2017","6.763","6.744","6.763","6.744","0.42%"
"Jul 27, 2017","6.735","6.719","6.735","6.719","0.01%"
"Jul 26, 2017","6.734","6.732","6.734","6.732","0.13%"
"Jul 25, 2017","6.725","6.718","6.725","6.718","0.37%"
"Jul 24, 2017","6.700","6.691","6.700","6.691","-0.13%"
"Jul 21, 2017","6.709","6.698","6.709","6.698","-0.52%"
"Jul 20, 2017","6.744","6.756","6.756","6.744","-0.13%"
"Jul 19, 2017","6.753","6.762","6.762","6.753","-0.24%"
"Jul 18, 2017","6.769","6.769","6.769","6.769","-0.09%"
"Jul 17, 2017","6.775","6.784","6.784","6.775","-0.16%"
"Jul 16, 2017","6.786","6.786","6.786","6.786","0.00%"
"Jul 14, 2017","6.786","6.795","6.795","6.786","-0.03%"
"Jul 13, 2017","6.788","6.790","6.790","6.788","-0.25%"
"Jul 12, 2017","6.805","6.787","6.805","6.787","-0.03%"
"Jul 11, 2017","6.807","6.800","6.807","6.800","-0.10%"
"Jul 10, 2017","6.814","6.834","6.834","6.814","0.53%"
"Jul 07, 2017","6.778","6.799","6.799","6.778","-0.32%"
"Jul 06, 2017","6.800","6.789","6.800","6.789","-0.15%"
"Jul 05, 2017","6.810","6.802","6.810","6.802","-0.18%"
"Jul 04, 2017","6.822","6.825","6.825","6.822","-0.09%"
"Jul 03, 2017","6.828","6.856","6.856","6.828","1.10%"
"Jul 02, 2017","6.754","6.754","6.754","6.754","0.00%"
"Jul 01, 2017","6.754","6.754","6.754","6.754","0.00%"
"Jun 30, 2017","6.754","6.764","6.764","6.754","-0.01%"
"Jun 29, 2017","6.755","6.750","6.755","6.750","0.21%"
"Jun 28, 2017","6.741","6.741","6.741","6.741","0.48%"
"Jun 27, 2017","6.709","6.704","6.709","6.704","0.01%"
"Jun 25, 2017","6.708","6.708","6.708","6.708","0.00%"
"Jun 23, 2017","6.708","6.710","6.710","6.708","0.03%"
"Jun 22, 2017","6.706","6.687","6.706","6.687","0.42%"
"Jun 21, 2017","6.678","6.683","6.683","6.678","-0.45%"
"Jun 20, 2017","6.708","6.729","6.729","6.708","-0.09%"
"Jun 19, 2017","6.714","6.712","6.714","6.712","-0.18%"
"Jun 16, 2017","6.726","6.726","6.726","6.726","0.09%"
"Jun 15, 2017","6.720","6.695","6.720","6.695","0.28%"
"Jun 14, 2017","6.701","6.703","6.703","6.701","-0.12%"
"Jun 13, 2017","6.709","6.685","6.709","6.685","-0.15%"
"Jun 12, 2017","6.719","6.717","6.719","6.717","0.16%"
"Jun 09, 2017","6.708","6.715","6.715","6.708","-0.25%"
"Jun 08, 2017","6.725","6.712","6.725","6.712","-0.61%"
"Jun 07, 2017","6.766","6.862","6.862","6.766","-1.61%"
"Jun 06, 2017","6.877","6.885","6.885","6.877","-0.12%"
"Jun 05, 2017","6.885","6.874","6.885","6.874","0.29%"
"Jun 02, 2017","6.865","6.868","6.868","6.865","0.09%"
"Jun 01, 2017","6.859","6.886","6.886","6.859","-0.88%"
"May 31, 2017","6.920","6.931","6.931","6.920","-0.16%"
"May 30, 2017","6.931","6.944","6.944","6.931","-0.12%"
"May 29, 2017","6.939","6.937","6.939","6.937","0.43%"
"May 26, 2017","6.909","6.924","6.924","6.909","-0.49%"
"May 25, 2017","6.943","6.957","6.957","6.943","-0.27%"
"May 24, 2017","6.962","6.964","6.964","6.962","-0.17%"
"May 23, 2017","6.974","6.940","6.974","6.940","0.22%"
"May 22, 2017","6.959","6.978","6.978","6.959","-0.88%"
"May 19, 2017","7.021","7.031","7.031","7.021","0.17%"
"May 18, 2017","7.009","7.020","7.020","7.009","0.00%"
"May 17, 2017","7.009","7.011","7.011","7.009","0.16%"
"May 16, 2017","6.998","6.988","6.998","6.988","0.57%"
"May 15, 2017","6.958","6.979","6.979","6.958","-1.00%"
"May 12, 2017","7.028","7.064","7.064","7.028","-0.71%"
"May 11, 2017","7.078","7.063","7.078","7.063","0.11%"
"May 09, 2017","7.070","7.072","7.072","7.070","0.18%"
"May 08, 2017","7.057","7.063","7.063","7.057","-0.30%"
"May 07, 2017","7.078","7.078","7.078","7.078","0.00%"
"May 05, 2017","7.078","7.074","7.078","7.074","-0.30%"
"May 04, 2017","7.099","7.097","7.099","7.097","0.13%"
"May 03, 2017","7.090","7.088","7.090","7.088","-0.30%"
"May 02, 2017","7.111","7.105","7.111","7.105","0.45%"
"Apr 28, 2017","7.079","7.053","7.079","7.053","0.38%"
"Apr 27, 2017","7.052","7.061","7.061","7.052","-0.13%"
"Apr 26, 2017","7.061","7.044","7.061","7.044","0.61%"
"Apr 25, 2017","7.018","7.013","7.018","7.013","-0.14%"
"Apr 24, 2017","7.028","7.031","7.031","7.028","0.30%"
"Apr 22, 2017","7.007","7.007","7.007","7.007","0.00%"
"Apr 21, 2017","7.007","7.037","7.037","7.007","0.55%"
"Apr 20, 2017","6.969","6.967","6.969","6.967","0.22%"
"Apr 19, 2017","6.954","6.954","6.954","6.954","-0.19%"
"Apr 18, 2017","6.967","6.969","6.969","6.967","-0.23%"
"Apr 17, 2017","6.983","6.988","6.988","6.983","0.43%"
"Apr 13, 2017","6.953","6.942","6.953","6.942","-0.44%"
"Apr 12, 2017","6.984","7.008","7.008","6.984","-0.13%"
"Apr 11, 2017","6.993","7.019","7.019","6.993","-0.88%"
"Apr 10, 2017","7.055","7.062","7.062","7.055","0.30%"
"Apr 07, 2017","7.034","7.077","7.077","7.034","0.20%"
"Apr 06, 2017","7.020","6.878","7.020","6.878","2.42%"
"Apr 05, 2017","6.854","6.878","6.878","6.854","-0.26%"
"Apr 03, 2017","6.872","6.850","6.872","6.850","-0.20%"
"Mar 31, 2017","6.886","6.858","6.886","6.858","0.15%"
"Mar 30, 2017","6.876","6.876","6.876","6.876","-0.26%"
"Mar 29, 2017","6.894","6.843","6.894","6.843","0.70%"
"Mar 27, 2017","6.846","6.879","6.879","6.846","-1.89%"
"Mar 26, 2017","6.978","6.978","6.978","6.978","0.00%"
"Mar 24, 2017","6.978","6.994","6.994","6.978","0.03%"
"Mar 23, 2017","6.976","6.973","6.976","6.973","-0.03%"
"Mar 22, 2017","6.978","7.027","7.027","6.978","-1.62%"
"Mar 21, 2017","7.093","7.092","7.093","7.092","-0.74%"
"Mar 20, 2017","7.146","7.086","7.146","7.086","0.58%"
"Mar 18, 2017","7.105","7.105","7.105","7.105","0.00%"
"Mar 17, 2017","7.105","7.109","7.109","7.105","0.01%"
"Mar 16, 2017","7.104","7.068","7.104","7.068","-0.06%"
"Mar 15, 2017","7.108","7.145","7.145","7.108","-1.09%"
"Mar 14, 2017","7.186","7.191","7.191","7.186","-0.03%"
"Mar 10, 2017","7.188","7.152","7.188","7.152","0.91%"
"Mar 09, 2017","7.123","7.138","7.138","7.123","-0.35%"
"Mar 08, 2017","7.148","7.166","7.166","7.148","0.00%"
"Mar 07, 2017","7.148","7.124","7.148","7.124","0.15%"
"Mar 06, 2017","7.137","7.107","7.137","7.107","1.02%"
"Mar 03, 2017","7.065","7.047","7.065","7.047","-0.32%"
"Mar 02, 2017","7.088","7.058","7.088","7.058","0.00%"
"Mar 01, 2017","7.088","7.077","7.088","7.077","1.00%"
"Feb 28, 2017","7.018","7.044","7.044","7.018","-0.07%"
"Feb 27, 2017","7.023","7.037","7.037","7.023","-0.52%"
"Feb 23, 2017","7.060","7.074","7.074","7.060","-0.40%"
"Feb 22, 2017","7.088","7.057","7.088","7.057","0.88%"
"Feb 20, 2017","7.026","6.973","7.026","6.973","0.52%"
"Feb 17, 2017","6.990","6.997","6.997","6.990","0.10%"
"Feb 16, 2017","6.983","7.001","7.001","6.983","-0.37%"
"Feb 15, 2017","7.009","7.009","7.009","7.009","-0.10%"
"Feb 14, 2017","7.016","7.020","7.020","7.016","0.46%"
"Feb 13, 2017","6.984","6.969","6.984","6.969","0.34%"
"Feb 10, 2017","6.960","6.920","6.960","6.920","-0.46%"
"Feb 09, 2017","6.992","6.970","6.992","6.970","0.89%"
"Feb 08, 2017","6.930","6.606","6.930","6.606","4.94%"
"Feb 07, 2017","6.604","6.601","6.604","6.601","0.23%"
"Feb 06, 2017","6.589","6.575","6.589","6.575","0.35%"
"Feb 03, 2017","6.566","6.557","6.566","6.557","0.26%"
"Feb 02, 2017","6.549","6.557","6.557","6.549","-0.47%"
"Feb 01, 2017","6.580","6.575","6.580","6.575","0.00%"
"Jan 31, 2017","6.580","6.573","6.580","6.573","0.18%"
"Jan 30, 2017","6.568","6.552","6.568","6.552","0.15%"
"Jan 27, 2017","6.558","6.591","6.591","6.558","-0.09%"
"Jan 25, 2017","6.564","6.569","6.569","6.564","-0.30%"
"Jan 24, 2017","6.584","6.590","6.590","6.584","-0.26%"
"Jan 23, 2017","6.601","6.583","6.601","6.583","0.00%"
"Jan 20, 2017","6.601","6.604","6.604","6.601","-0.26%"
"Jan 19, 2017","6.618","6.621","6.621","6.618","0.35%"
"Jan 18, 2017","6.595","6.567","6.595","6.567","0.55%"
"Jan 17, 2017","6.559","6.557","6.559","6.557","-0.24%"
"Jan 16, 2017","6.575","6.584","6.584","6.575","0.18%"
"Jan 13, 2017","6.563","6.540","6.563","6.540","0.63%"
"Jan 12, 2017","6.522","6.541","6.541","6.522","-0.65%"
"Jan 11, 2017","6.565","6.565","6.565","6.565","-0.08%"
"Jan 10, 2017","6.570","6.556","6.570","6.556","0.02%"
"Jan 09, 2017","6.569","6.586","6.586","6.569","0.21%"
"Jan 06, 2017","6.555","6.543","6.555","6.543","0.17%"
"Jan 05, 2017","6.544","6.492","6.544","6.492","0.45%"
"Jan 04, 2017","6.515","6.527","6.527","6.515","-0.70%"
"Jan 03, 2017","6.561","6.451","6.561","6.451","0.78%"
"Jan 02, 2017","6.510","6.575","6.575","6.510","-1.99%"
"Dec 30, 2016","6.642","6.649","6.649","6.642","-0.26%"
"Dec 29, 2016","6.659","6.699","6.699","6.659","-1.36%"
"Dec 28, 2016","6.751","6.754","6.754","6.751","-0.34%"
"Dec 27, 2016","6.774","6.744","6.774","6.744","0.28%"
"Dec 26, 2016","6.755","6.706","6.755","6.706","1.00%"
"Dec 23, 2016","6.688","6.669","6.688","6.669","0.41%"
"Dec 22, 2016","6.661","6.619","6.661","6.619","1.00%"
"Dec 21, 2016","6.595","6.602","6.602","6.595","-0.17%"
"Dec 20, 2016","6.606","6.606","6.606","6.606","-0.27%"
"Dec 19, 2016","6.624","6.599","6.624","6.599","0.35%"
"Dec 16, 2016","6.601","6.567","6.601","6.567","-0.36%"
"Dec 15, 2016","6.625","6.536","6.625","6.536","2.24%"
"Dec 14, 2016","6.480","6.495","6.495","6.480","-0.26%"
"Dec 13, 2016","6.497","6.522","6.522","6.497","-0.32%"
"Dec 09, 2016","6.518","6.522","6.522","6.518","0.32%"
"Dec 08, 2016","6.497","6.537","6.537","6.497","-0.11%"
"Dec 07, 2016","6.504","6.244","6.504","6.244","3.90%"
"Dec 06, 2016","6.260","6.270","6.270","6.260","-0.27%"
"Dec 05, 2016","6.277","6.272","6.277","6.272","-0.60%"
"Dec 02, 2016","6.315","6.299","6.315","6.299","0.64%"
"Dec 01, 2016","6.275","6.277","6.277","6.275","-0.19%"
"Nov 30, 2016","6.287","6.280","6.287","6.280","-0.90%"
"Nov 29, 2016","6.344","6.342","6.344","6.342","0.08%"
"Nov 28, 2016","6.339","6.331","6.339","6.331","1.85%"
"Nov 25, 2016","6.224","6.199","6.224","6.199","0.78%"
"Nov 24, 2016","6.176","6.278","6.278","6.176","-2.19%"
"Nov 23, 2016","6.314","6.326","6.326","6.314","-0.49%"
"Nov 22, 2016","6.345","6.360","6.360","6.345","0.16%"
"Nov 21, 2016","6.335","6.423","6.423","6.335","-2.30%"
"Nov 18, 2016","6.484","6.475","6.484","6.475","0.08%"
"Nov 17, 2016","6.479","6.486","6.486","6.479","-0.32%"
"Nov 16, 2016","6.500","6.461","6.500","6.461","-0.28%"
"Nov 15, 2016","6.518","6.645","6.645","6.518","-3.41%"
"Nov 11, 2016","6.748","6.710","6.748","6.710","0.70%"
"Nov 10, 2016","6.701","6.690","6.701","6.690","-0.59%"
"Nov 09, 2016","6.741","6.751","6.751","6.741","-1.50%"
"Nov 08, 2016","6.844","6.879","6.879","6.844","-0.54%"
"Nov 07, 2016","6.881","6.885","6.885","6.881","-0.16%"
"Nov 04, 2016","6.892","6.869","6.892","6.869","0.38%"
"Nov 03, 2016","6.866","6.848","6.866","6.848","0.04%"
"Nov 02, 2016","6.863","6.873","6.873","6.863","-0.04%"
"Nov 01, 2016","6.866","6.845","6.866","6.845","0.29%"
"Oct 28, 2016","6.846","6.860","6.860","6.846","-0.06%"
"Oct 27, 2016","6.850","6.838","6.850","6.838","0.26%"
"Oct 26, 2016","6.832","6.831","6.832","6.831","-0.01%"
"Oct 25, 2016","6.833","6.822","6.833","6.822","0.04%"
"Oct 24, 2016","6.830","6.805","6.830","6.805","-0.12%"
"Oct 21, 2016","6.838","6.830","6.838","6.830","-0.01%"
"Oct 20, 2016","6.839","6.823","6.839","6.823","0.35%"
"Oct 19, 2016","6.815","6.813","6.815","6.813","0.10%"
"Oct 18, 2016","6.808","6.810","6.810","6.808","-0.41%"
"Oct 17, 2016","6.836","6.834","6.836","6.834","-0.06%"
"Oct 15, 2016","6.840","6.840","6.840","6.840","0.00%"
"Oct 14, 2016","6.840","6.821","6.840","6.821","0.40%"
"Oct 13, 2016","6.813","6.806","6.813","6.806","0.31%"
"Oct 10, 2016","6.792","6.784","6.792","6.784","-0.53%"
"Oct 07, 2016","6.828","6.807","6.828","6.807","0.40%"
"Oct 06, 2016","6.801","6.797","6.801","6.797","0.53%"
"Oct 05, 2016","6.765","6.765","6.765","6.765","-0.15%"
"Oct 04, 2016","6.775","6.900","6.900","6.775","-1.57%"
"Oct 03, 2016","6.883","6.893","6.893","6.883","-1.01%"
"Sep 30, 2016","6.953","6.958","6.958","6.953","-0.67%"
"Sep 29, 2016","7.000","6.910","7.000","6.910","1.55%"
"Sep 28, 2016","6.893","6.905","6.905","6.893","-0.10%"
"Sep 27, 2016","6.900","6.872","6.900","6.872","-0.03%"
"Sep 26, 2016","6.902","6.904","6.904","6.902","-0.65%"
"Sep 25, 2016","6.947","6.947","6.947","6.947","0.00%"
"Sep 24, 2016","6.947","6.947","6.947","6.947","0.00%"
"Sep 23, 2016","6.947","6.954","6.954","6.947","-0.39%"
"Sep 22, 2016","6.974","6.977","6.977","6.974","-0.77%"
"Sep 21, 2016","7.028","7.028","7.028","7.028","-0.20%"
"Sep 20, 2016","7.042","7.039","7.042","7.039","0.17%"
"Sep 19, 2016","7.030","7.025","7.030","7.025","0.04%"
"Sep 17, 2016","7.027","7.027","7.027","7.027","0.00%"
"Sep 16, 2016","7.027","7.032","7.032","7.027","-0.28%"
"Sep 15, 2016","7.047","7.047","7.047","7.047","-0.14%"
"Sep 14, 2016","7.057","7.063","7.063","7.057","0.01%"
"Sep 12, 2016","7.056","7.054","7.056","7.054","0.47%"
"Sep 09, 2016","7.023","7.009","7.023","7.009","-0.13%"
"Sep 08, 2016","7.032","7.029","7.032","7.029","-0.13%"
"Sep 07, 2016","7.041","7.039","7.041","7.039","-0.69%"
"Sep 06, 2016","7.090","7.082","7.090","7.082","-0.23%"
"Sep 02, 2016","7.106","7.087","7.106","7.087","0.11%"
"Sep 01, 2016","7.098","7.088","7.098","7.088","0.07%"
"Aug 31, 2016","7.093","7.081","7.093","7.081","0.04%"
"Aug 30, 2016","7.090","7.084","7.090","7.084","-0.07%"
"Aug 29, 2016","7.095","7.114","7.114","7.095","-0.20%"
"Aug 26, 2016","7.109","7.109","7.109","7.109","-0.06%"
"Aug 25, 2016","7.113","7.111","7.113","7.111","-0.18%"
"Aug 24, 2016","7.126","7.143","7.143","7.126","-0.39%"
"Aug 23, 2016","7.154","7.161","7.161","7.154","-0.04%"
"Aug 22, 2016","7.157","7.159","7.159","7.157","0.68%"
"Aug 19, 2016","7.109","7.138","7.138","7.109","-0.42%"
"Aug 18, 2016","7.139","7.114","7.139","7.114","0.62%"
"Aug 16, 2016","7.095","7.092","7.095","7.092","0.01%"
"Aug 14, 2016","7.094","7.094","7.094","7.094","0.00%"
"Aug 13, 2016","7.094","7.094","7.094","7.094","0.00%"
"Aug 12, 2016","7.094","7.082","7.094","7.082","0.18%"
"Aug 11, 2016","7.081","7.079","7.081","7.079","-0.24%"
"Aug 10, 2016","7.098","7.078","7.098","7.078","-0.32%"
"Aug 09, 2016","7.121","7.109","7.121","7.109","-0.54%"
"Aug 08, 2016","7.160","7.174","7.174","7.160","-0.10%"
"Aug 06, 2016","7.167","7.167","7.167","7.167","0.00%"
"Aug 05, 2016","7.167","7.165","7.167","7.165","-0.22%"
"Aug 04, 2016","7.183","7.176","7.183","7.176","-0.29%"
"Aug 03, 2016","7.204","7.176","7.204","7.176","0.39%"
"Aug 02, 2016","7.176","7.157","7.176","7.157","0.57%"
"Aug 01, 2016","7.135","7.125","7.135","7.125","-0.31%"
"Jul 29, 2016","7.157","7.157","7.157","7.157","-0.14%"
"Jul 28, 2016","7.167","7.182","7.182","7.167","-0.71%"
"Jul 27, 2016","7.218","7.210","7.218","7.210","0.06%"
"Jul 26, 2016","7.214","7.219","7.219","7.214","-0.06%"
"Jul 25, 2016","7.218","7.214","7.218","7.214","-0.04%"
"Jul 22, 2016","7.221","7.221","7.221","7.221","-0.17%"
"Jul 21, 2016","7.233","7.242","7.242","7.233","-0.12%"
"Jul 20, 2016","7.242","7.236","7.242","7.236","-0.47%"
"Jul 19, 2016","7.276","7.274","7.276","7.274","-0.36%"
"Jul 18, 2016","7.302","7.278","7.302","7.278","0.12%"
"Jul 15, 2016","7.293","7.306","7.306","7.293","-0.10%"
"Jul 14, 2016","7.300","7.318","7.318","7.300","0.01%"
"Jul 13, 2016","7.299","7.355","7.355","7.299","-1.18%"
"Jul 12, 2016","7.386","7.352","7.386","7.352","-0.58%"
"Jul 11, 2016","7.429","7.424","7.429","7.424","0.09%"
"Jul 08, 2016","7.422","7.420","7.422","7.420","-0.09%"
"Jul 07, 2016","7.429","7.416","7.429","7.416","-0.20%"
"Jul 05, 2016","7.444","7.463","7.463","7.444","-0.87%"
"Jul 04, 2016","7.509","7.511","7.511","7.509","-0.17%"
"Jul 01, 2016","7.522","7.522","7.522","7.522","-0.48%"
"Jun 30, 2016","7.558","7.555","7.558","7.555","-0.24%"
"Jun 29, 2016","7.576","7.581","7.581","7.576","-0.07%"
"Jun 28, 2016","7.581","7.579","7.581","7.579","-0.11%"
"Jun 27, 2016","7.589","7.598","7.598","7.589","-0.42%"
"Jun 24, 2016","7.621","7.631","7.631","7.621","0.11%"
"Jun 23, 2016","7.613","7.621","7.621","7.613","-0.08%"
"Jun 22, 2016","7.619","7.625","7.625","7.619","-0.10%"
"Jun 21, 2016","7.627","7.621","7.627","7.621","-0.01%"
"Jun 20, 2016","7.628","7.642","7.642","7.628","-0.03%"
"Jun 17, 2016","7.630","7.630","7.630","7.630","-0.08%"
"Jun 16, 2016","7.636","7.628","7.636","7.628","-0.09%"
"Jun 15, 2016","7.643","7.647","7.647","7.643","-0.16%"
"Jun 14, 2016","7.655","7.685","7.685","7.655","-0.17%"
"Jun 13, 2016","7.668","7.647","7.668","7.647","0.43%"
"Jun 10, 2016","7.635","7.637","7.637","7.635","0.00%"
"Jun 09, 2016","7.635","7.639","7.639","7.635","-0.05%"
"Jun 08, 2016","7.639","7.625","7.639","7.625","0.10%"
"Jun 07, 2016","7.631","7.637","7.637","7.631","0.08%"
"Jun 06, 2016","7.625","7.633","7.633","7.625","-0.17%"
"Jun 03, 2016","7.638","7.638","7.638","7.638","-0.03%"
"Jun 02, 2016","7.640","7.636","7.640","7.636","-0.03%"
"Jun 01, 2016","7.642","7.636","7.642","7.636","0.28%"
"May 31, 2016","7.621","7.617","7.621","7.617","0.05%"
"May 30, 2016","7.617","7.617","7.617","7.617","-0.05%"
"May 27, 2016","7.621","7.617","7.621","7.617","-0.01%"
"May 26, 2016","7.622","7.617","7.622","7.617","0.12%"
"May 25, 2016","7.613","7.615","7.615","7.613","0.00%"
"May 24, 2016","7.613","7.611","7.613","7.611","-0.03%"
"May 23, 2016","7.615","7.626","7.626","7.615","-0.22%"
"May 20, 2016","7.632","7.632","7.632","7.632","0.10%"
"May 19, 2016","7.624","7.641","7.641","7.624","-0.01%"
"May 18, 2016","7.625","7.627","7.627","7.625","0.12%"
"May 17, 2016","7.616","7.620","7.620","7.616","-0.01%"
"May 16, 2016","7.617","7.621","7.621","7.617","0.08%"
"May 13, 2016","7.611","7.621","7.621","7.611","0.11%"
"May 12, 2016","7.603","7.603","7.603","7.603","-0.16%"
"May 11, 2016","7.615","7.618","7.618","7.615","0.01%"
"May 10, 2016","7.614","7.614","7.614","7.614","0.05%"
"May 09, 2016","7.610","7.603","7.610","7.603","-0.17%"
"May 06, 2016","7.623","7.622","7.623","7.622","-0.05%"
"May 05, 2016","7.627","7.625","7.627","7.625","-0.07%"
"May 04, 2016","7.632","7.628","7.632","7.628","-0.05%"
"May 03, 2016","7.636","7.660","7.660","7.636","0.03%"
"May 02, 2016","7.634","7.622","7.634","7.622","0.04%"
"Apr 29, 2016","7.631","7.643","7.643","7.631","-0.09%"
"Apr 28, 2016","7.638","7.636","7.638","7.636","-0.17%"
"Apr 27, 2016","7.651","7.642","7.651","7.642","-0.14%"
"Apr 26, 2016","7.662","7.662","7.662","7.662","0.14%"
"Apr 25, 2016","7.651","7.638","7.651","7.638","0.20%"
"Apr 22, 2016","7.636","7.640","7.640","7.636","-0.18%"
"Apr 21, 2016","7.650","7.648","7.650","7.648","0.39%"
"Apr 20, 2016","7.620","7.622","7.622","7.620","0.03%"
"Apr 18, 2016","7.618","7.620","7.620","7.618","-0.17%"
"Apr 13, 2016","7.631","7.584","7.631","7.584","0.63%"
"Apr 12, 2016","7.583","7.560","7.583","7.560","-0.14%"
"Apr 11, 2016","7.594","7.633","7.633","7.594","-0.82%"
"Apr 07, 2016","7.657","7.657","7.657","7.657","-0.31%"
"Apr 06, 2016","7.681","7.721","7.721","7.681","-0.51%"
"Apr 05, 2016","7.720","7.724","7.724","7.720","-0.03%"
"Apr 04, 2016","7.722","7.732","7.732","7.722","-0.57%"